,Filename,File_gen_instance_id,gender,age,skin-color,shirt-color,action
0,berlin_000000_000019_leftImg8bit,leftImg8bit,0,0,0,3,1
1,berlin_000001_000019_leftImg8bit,leftImg8bit,0,1,0,2,0
2,berlin_000002_000019_leftImg8bit,leftImg8bit,0,0,1,2,0
3,berlin_000003_000019_leftImg8bit,leftImg8bit,1,0,0,6,0
4,berlin_000004_000019_leftImg8bit,leftImg8bit,1,0,1,4,0
5,berlin_000005_000019_leftImg8bit,leftImg8bit,1,1,0,4,1
6,berlin_000006_000019_leftImg8bit,leftImg8bit,0,1,0,3,1
7,berlin_000007_000019_leftImg8bit,leftImg8bit,1,0,0,4,0
8,berlin_000008_000019_leftImg8bit,leftImg8bit,0,0,0,2,0
9,berlin_000009_000019_leftImg8bit,leftImg8bit,0,1,0,4,0
10,berlin_000010_000019_leftImg8bit,leftImg8bit,1,1,0,1,1
11,berlin_000011_000019_leftImg8bit,leftImg8bit,0,1,1,1,0
12,berlin_000012_000019_leftImg8bit,leftImg8bit,0,0,0,6,0
13,berlin_000013_000019_leftImg8bit,leftImg8bit,0,1,1,6,0
14,berlin_000014_000019_leftImg8bit,leftImg8bit,0,1,1,2,0
15,berlin_000015_000019_leftImg8bit,leftImg8bit,1,0,0,6,1
16,berlin_000016_000019_leftImg8bit,leftImg8bit,0,0,0,3,1
17,berlin_000017_000019_leftImg8bit,leftImg8bit,0,0,0,4,1
18,berlin_000018_000019_leftImg8bit,leftImg8bit,1,0,0,1,1
19,berlin_000019_000019_leftImg8bit,leftImg8bit,0,1,1,3,1
20,berlin_000020_000019_leftImg8bit,leftImg8bit,0,1,0,2,1
21,berlin_000022_000019_leftImg8bit,leftImg8bit,0,1,1,6,0
22,berlin_000023_000019_leftImg8bit,leftImg8bit,1,1,0,3,0
23,berlin_000024_000019_leftImg8bit,leftImg8bit,0,0,0,2,0
24,berlin_000025_000019_leftImg8bit,leftImg8bit,1,1,1,2,1
25,berlin_000026_000019_leftImg8bit,leftImg8bit,1,1,0,4,0
26,berlin_000027_000019_leftImg8bit,leftImg8bit,0,0,1,6,0
27,berlin_000028_000019_leftImg8bit,leftImg8bit,0,0,0,3,1
28,berlin_000029_000019_leftImg8bit,leftImg8bit,0,1,0,3,0
29,berlin_000030_000019_leftImg8bit,leftImg8bit,1,0,0,2,0
30,berlin_000031_000019_leftImg8bit,leftImg8bit,1,0,0,6,0
31,berlin_000032_000019_leftImg8bit,leftImg8bit,1,1,1,6,1
32,berlin_000033_000019_leftImg8bit,leftImg8bit,0,0,0,6,0
33,berlin_000034_000019_leftImg8bit,leftImg8bit,0,1,0,1,0
34,berlin_000035_000019_leftImg8bit,leftImg8bit,1,0,0,6,1
35,berlin_000037_000019_leftImg8bit,leftImg8bit,0,1,0,6,1
36,berlin_000039_000019_leftImg8bit,leftImg8bit,1,1,1,1,1
37,berlin_000040_000019_leftImg8bit,leftImg8bit,0,1,0,3,0
38,berlin_000041_000019_leftImg8bit,leftImg8bit,1,1,0,2,1
39,berlin_000042_000019_leftImg8bit,leftImg8bit,1,1,0,2,1
40,berlin_000043_000019_leftImg8bit,leftImg8bit,1,0,1,6,0
41,berlin_000044_000019_leftImg8bit,leftImg8bit,0,1,0,2,1
42,berlin_000045_000019_leftImg8bit,leftImg8bit,1,1,0,3,0
43,berlin_000047_000019_leftImg8bit,leftImg8bit,1,0,0,3,1
44,berlin_000048_000019_leftImg8bit,leftImg8bit,0,1,1,4,1
45,berlin_000049_000019_leftImg8bit,leftImg8bit,0,1,1,3,0
46,berlin_000050_000019_leftImg8bit,leftImg8bit,1,1,1,6,0
47,berlin_000051_000019_leftImg8bit,leftImg8bit,0,1,1,1,1
48,berlin_000052_000019_leftImg8bit,leftImg8bit,1,0,0,2,0
49,berlin_000053_000019_leftImg8bit,leftImg8bit,0,1,1,0,1
50,berlin_000054_000019_leftImg8bit,leftImg8bit,0,0,0,6,0
51,berlin_000055_000019_leftImg8bit,leftImg8bit,0,0,1,4,0
52,berlin_000056_000019_leftImg8bit,leftImg8bit,1,1,0,1,0
53,berlin_000057_000019_leftImg8bit,leftImg8bit,1,0,1,1,0
54,berlin_000058_000019_leftImg8bit,leftImg8bit,0,1,1,2,0
55,berlin_000059_000019_leftImg8bit,leftImg8bit,1,0,0,6,0
56,berlin_000060_000019_leftImg8bit,leftImg8bit,1,1,0,2,1
57,berlin_000062_000019_leftImg8bit,leftImg8bit,1,1,1,0,1
58,berlin_000063_000019_leftImg8bit,leftImg8bit,0,0,1,2,0
59,berlin_000064_000019_leftImg8bit,leftImg8bit,1,1,1,4,1
60,berlin_000065_000019_leftImg8bit,leftImg8bit,0,1,1,2,0
61,berlin_000067_000019_leftImg8bit,leftImg8bit,1,1,0,3,0
62,berlin_000068_000019_leftImg8bit,leftImg8bit,0,1,0,0,0
63,berlin_000069_000019_leftImg8bit,leftImg8bit,0,0,1,0,0
64,berlin_000070_000019_leftImg8bit,leftImg8bit,0,0,0,6,0
65,berlin_000071_000019_leftImg8bit,leftImg8bit,1,1,0,1,0
66,berlin_000072_000019_leftImg8bit,leftImg8bit,0,0,1,6,0
67,berlin_000073_000019_leftImg8bit,leftImg8bit,1,1,1,1,0
68,berlin_000074_000019_leftImg8bit,leftImg8bit,1,0,1,6,1
69,berlin_000075_000019_leftImg8bit,leftImg8bit,0,1,1,2,1
70,berlin_000076_000019_leftImg8bit,leftImg8bit,1,1,0,2,1
71,berlin_000078_000019_leftImg8bit,leftImg8bit,1,1,0,1,0
72,berlin_000080_000019_leftImg8bit,leftImg8bit,1,1,0,1,1
73,berlin_000081_000019_leftImg8bit,leftImg8bit,1,1,0,0,1
74,berlin_000082_000019_leftImg8bit,leftImg8bit,0,0,1,0,0
75,berlin_000083_000019_leftImg8bit,leftImg8bit,0,0,0,6,1
76,berlin_000084_000019_leftImg8bit,leftImg8bit,1,1,1,3,1
77,berlin_000086_000019_leftImg8bit,leftImg8bit,0,1,1,2,1
78,berlin_000087_000019_leftImg8bit,leftImg8bit,1,1,1,4,0
79,berlin_000088_000019_leftImg8bit,leftImg8bit,0,1,1,2,1
80,berlin_000089_000019_leftImg8bit,leftImg8bit,0,0,0,3,0
81,berlin_000090_000019_leftImg8bit,leftImg8bit,0,1,1,6,0
82,berlin_000091_000019_leftImg8bit,leftImg8bit,0,1,1,4,0
83,berlin_000092_000019_leftImg8bit,leftImg8bit,1,1,1,2,0
84,berlin_000093_000019_leftImg8bit,leftImg8bit,0,0,0,6,1
85,berlin_000094_000019_leftImg8bit,leftImg8bit,1,0,0,6,0
86,berlin_000095_000019_leftImg8bit,leftImg8bit,0,0,0,6,0
87,berlin_000096_000019_leftImg8bit,leftImg8bit,0,0,1,6,0
88,berlin_000097_000019_leftImg8bit,leftImg8bit,0,0,1,3,1
89,berlin_000098_000019_leftImg8bit,leftImg8bit,0,0,0,1,0
90,berlin_000099_000019_leftImg8bit,leftImg8bit,1,1,1,1,1
91,berlin_000100_000019_leftImg8bit,leftImg8bit,1,0,0,6,1
92,berlin_000101_000019_leftImg8bit,leftImg8bit,1,1,0,3,1
93,berlin_000102_000019_leftImg8bit,leftImg8bit,1,0,1,6,0
94,berlin_000103_000019_leftImg8bit,leftImg8bit,1,1,0,6,1
95,berlin_000104_000019_leftImg8bit,leftImg8bit,0,1,0,3,1
96,berlin_000105_000019_leftImg8bit,leftImg8bit,0,1,0,3,1
97,berlin_000106_000019_leftImg8bit,leftImg8bit,0,1,0,6,0
98,berlin_000107_000019_leftImg8bit,leftImg8bit,0,0,0,2,0
99,berlin_000108_000019_leftImg8bit,leftImg8bit,0,1,0,2,0
100,berlin_000109_000019_leftImg8bit,leftImg8bit,1,1,1,6,1
101,berlin_000110_000019_leftImg8bit,leftImg8bit,1,0,0,2,1
102,berlin_000111_000019_leftImg8bit,leftImg8bit,0,1,0,3,0
103,berlin_000112_000019_leftImg8bit,leftImg8bit,1,0,0,3,0
104,berlin_000113_000019_leftImg8bit,leftImg8bit,1,0,0,1,1
105,berlin_000114_000019_leftImg8bit,leftImg8bit,0,0,0,1,0
106,berlin_000115_000019_leftImg8bit,leftImg8bit,1,0,0,6,0
107,berlin_000116_000019_leftImg8bit,leftImg8bit,0,1,1,2,0
108,berlin_000117_000019_leftImg8bit,leftImg8bit,0,0,0,6,0
109,berlin_000118_000019_leftImg8bit,leftImg8bit,1,1,0,1,1
110,berlin_000119_000019_leftImg8bit,leftImg8bit,1,0,0,2,0
111,berlin_000121_000019_leftImg8bit,leftImg8bit,1,1,1,6,1
112,berlin_000122_000019_leftImg8bit,leftImg8bit,1,0,0,6,0
113,berlin_000123_000019_leftImg8bit,leftImg8bit,1,0,1,1,0
114,berlin_000124_000019_leftImg8bit,leftImg8bit,0,1,0,2,1
115,berlin_000125_000019_leftImg8bit,leftImg8bit,1,0,0,6,0
116,berlin_000126_000019_leftImg8bit,leftImg8bit,0,0,1,6,0
117,berlin_000127_000019_leftImg8bit,leftImg8bit,1,0,0,1,0
118,berlin_000128_000019_leftImg8bit,leftImg8bit,0,1,0,3,1
119,berlin_000129_000019_leftImg8bit,leftImg8bit,1,0,0,6,1
120,berlin_000130_000019_leftImg8bit,leftImg8bit,0,1,1,1,1
121,berlin_000131_000019_leftImg8bit,leftImg8bit,1,0,0,3,1
122,berlin_000132_000019_leftImg8bit,leftImg8bit,0,0,1,2,0
123,berlin_000133_000019_leftImg8bit,leftImg8bit,1,1,1,1,1
124,berlin_000134_000019_leftImg8bit,leftImg8bit,0,0,1,6,0
125,berlin_000135_000019_leftImg8bit,leftImg8bit,1,1,0,1,0
126,berlin_000136_000019_leftImg8bit,leftImg8bit,0,1,0,0,0
127,berlin_000137_000019_leftImg8bit,leftImg8bit,0,1,0,6,0
128,berlin_000139_000019_leftImg8bit,leftImg8bit,1,1,1,0,1
129,berlin_000140_000019_leftImg8bit,leftImg8bit,1,0,0,6,0
130,berlin_000141_000019_leftImg8bit,leftImg8bit,0,0,0,0,0
131,berlin_000142_000019_leftImg8bit,leftImg8bit,0,0,0,3,0
132,berlin_000143_000019_leftImg8bit,leftImg8bit,0,1,1,6,0
133,berlin_000144_000019_leftImg8bit,leftImg8bit,0,0,1,4,1
134,berlin_000145_000019_leftImg8bit,leftImg8bit,1,1,1,4,0
135,berlin_000146_000019_leftImg8bit,leftImg8bit,1,1,1,6,1
136,berlin_000147_000019_leftImg8bit,leftImg8bit,1,0,1,2,0
137,berlin_000148_000019_leftImg8bit,leftImg8bit,0,1,0,0,0
138,berlin_000149_000019_leftImg8bit,leftImg8bit,0,1,1,0,1
139,berlin_000150_000019_leftImg8bit,leftImg8bit,1,1,0,3,0
140,berlin_000151_000019_leftImg8bit,leftImg8bit,1,1,1,2,0
141,berlin_000152_000019_leftImg8bit,leftImg8bit,1,0,1,4,1
142,berlin_000153_000019_leftImg8bit,leftImg8bit,1,1,0,3,1
143,berlin_000154_000019_leftImg8bit,leftImg8bit,1,0,0,3,1
144,berlin_000155_000019_leftImg8bit,leftImg8bit,0,1,0,3,1
145,berlin_000156_000019_leftImg8bit,leftImg8bit,1,0,0,2,0
146,berlin_000157_000019_leftImg8bit,leftImg8bit,1,1,0,3,0
147,berlin_000158_000019_leftImg8bit,leftImg8bit,0,0,0,3,0
148,berlin_000159_000019_leftImg8bit,leftImg8bit,0,1,0,3,1
149,berlin_000160_000019_leftImg8bit,leftImg8bit,1,1,0,1,0
150,berlin_000161_000019_leftImg8bit,leftImg8bit,1,1,0,1,1
151,berlin_000162_000019_leftImg8bit,leftImg8bit,1,1,0,3,0
152,berlin_000163_000019_leftImg8bit,leftImg8bit,1,0,0,1,0
153,berlin_000164_000019_leftImg8bit,leftImg8bit,1,1,0,0,1
154,berlin_000165_000019_leftImg8bit,leftImg8bit,0,1,0,0,0
155,berlin_000166_000019_leftImg8bit,leftImg8bit,0,0,0,1,0
156,berlin_000167_000019_leftImg8bit,leftImg8bit,0,1,1,6,1
157,berlin_000168_000019_leftImg8bit,leftImg8bit,1,0,1,4,0
158,berlin_000169_000019_leftImg8bit,leftImg8bit,1,1,0,1,1
159,berlin_000170_000019_leftImg8bit,leftImg8bit,1,0,1,6,1
160,berlin_000171_000019_leftImg8bit,leftImg8bit,1,0,0,1,1
161,berlin_000172_000019_leftImg8bit,leftImg8bit,0,1,0,1,0
162,berlin_000174_000019_leftImg8bit,leftImg8bit,1,0,1,2,1
163,berlin_000175_000019_leftImg8bit,leftImg8bit,0,1,0,4,1
164,berlin_000176_000019_leftImg8bit,leftImg8bit,0,0,0,6,0
165,berlin_000177_000019_leftImg8bit,leftImg8bit,0,1,0,3,0
166,berlin_000178_000019_leftImg8bit,leftImg8bit,0,1,1,1,1
167,berlin_000179_000019_leftImg8bit,leftImg8bit,0,1,1,6,0
168,berlin_000180_000019_leftImg8bit,leftImg8bit,1,0,0,4,1
169,berlin_000181_000019_leftImg8bit,leftImg8bit,1,1,0,0,1
170,berlin_000182_000019_leftImg8bit,leftImg8bit,1,1,1,6,0
171,berlin_000183_000019_leftImg8bit,leftImg8bit,0,1,1,3,0
172,berlin_000184_000019_leftImg8bit,leftImg8bit,1,0,0,6,0
173,berlin_000185_000019_leftImg8bit,leftImg8bit,1,1,1,4,1
174,berlin_000186_000019_leftImg8bit,leftImg8bit,0,1,1,0,0
175,berlin_000187_000019_leftImg8bit,leftImg8bit,1,1,0,2,1
176,berlin_000188_000019_leftImg8bit,leftImg8bit,1,1,0,6,1
177,berlin_000189_000019_leftImg8bit,leftImg8bit,1,0,0,6,0
178,berlin_000190_000019_leftImg8bit,leftImg8bit,1,0,1,6,1
179,berlin_000191_000019_leftImg8bit,leftImg8bit,1,1,1,1,0
180,berlin_000192_000019_leftImg8bit,leftImg8bit,1,1,0,3,1
181,berlin_000193_000019_leftImg8bit,leftImg8bit,1,0,0,2,1
182,berlin_000194_000019_leftImg8bit,leftImg8bit,0,0,0,4,0
183,berlin_000195_000019_leftImg8bit,leftImg8bit,0,0,0,6,0
184,berlin_000196_000019_leftImg8bit,leftImg8bit,0,0,0,3,0
185,berlin_000197_000019_leftImg8bit,leftImg8bit,0,0,0,6,0
186,berlin_000198_000019_leftImg8bit,leftImg8bit,0,0,0,6,0
187,berlin_000199_000019_leftImg8bit,leftImg8bit,1,0,0,1,1
188,berlin_000200_000019_leftImg8bit,leftImg8bit,1,1,1,1,1
189,berlin_000201_000019_leftImg8bit,leftImg8bit,0,0,0,0,0
190,berlin_000202_000019_leftImg8bit,leftImg8bit,1,1,0,6,1
191,berlin_000203_000019_leftImg8bit,leftImg8bit,0,0,0,3,1
192,berlin_000204_000019_leftImg8bit,leftImg8bit,0,0,0,6,0
193,berlin_000206_000019_leftImg8bit,leftImg8bit,1,1,0,3,1
194,berlin_000207_000019_leftImg8bit,leftImg8bit,1,0,0,0,0
195,berlin_000208_000019_leftImg8bit,leftImg8bit,1,0,0,6,1
196,berlin_000209_000019_leftImg8bit,leftImg8bit,0,1,0,3,0
197,berlin_000210_000019_leftImg8bit,leftImg8bit,0,0,0,6,0
198,berlin_000211_000019_leftImg8bit,leftImg8bit,0,1,0,4,1
199,berlin_000212_000019_leftImg8bit,leftImg8bit,1,0,1,6,1
200,berlin_000213_000019_leftImg8bit,leftImg8bit,0,0,0,6,0
201,berlin_000214_000019_leftImg8bit,leftImg8bit,1,0,0,2,0
202,berlin_000215_000019_leftImg8bit,leftImg8bit,1,0,0,5,0
203,berlin_000216_000019_leftImg8bit,leftImg8bit,0,0,1,3,0
204,berlin_000217_000019_leftImg8bit,leftImg8bit,1,0,0,6,1
205,berlin_000218_000019_leftImg8bit,leftImg8bit,0,0,0,6,0
206,berlin_000220_000019_leftImg8bit,leftImg8bit,1,0,1,4,0
207,berlin_000221_000019_leftImg8bit,leftImg8bit,1,0,0,6,0
208,berlin_000222_000019_leftImg8bit,leftImg8bit,0,0,1,1,0
209,berlin_000223_000019_leftImg8bit,leftImg8bit,1,0,0,0,1
210,berlin_000224_000019_leftImg8bit,leftImg8bit,0,0,0,3,0
211,berlin_000225_000019_leftImg8bit,leftImg8bit,0,0,0,2,0
212,berlin_000226_000019_leftImg8bit,leftImg8bit,0,1,1,6,0
213,berlin_000227_000019_leftImg8bit,leftImg8bit,0,0,0,6,0
214,berlin_000228_000019_leftImg8bit,leftImg8bit,1,0,0,6,1
215,berlin_000229_000019_leftImg8bit,leftImg8bit,0,0,0,6,1
216,berlin_000230_000019_leftImg8bit,leftImg8bit,1,1,0,3,1
217,berlin_000231_000019_leftImg8bit,leftImg8bit,0,1,1,6,0
218,berlin_000232_000019_leftImg8bit,leftImg8bit,1,0,0,1,1
219,berlin_000233_000019_leftImg8bit,leftImg8bit,0,0,1,6,1
220,berlin_000234_000019_leftImg8bit,leftImg8bit,1,0,0,1,1
221,berlin_000235_000019_leftImg8bit,leftImg8bit,0,0,0,6,1
222,berlin_000236_000019_leftImg8bit,leftImg8bit,1,1,1,4,1
223,berlin_000237_000019_leftImg8bit,leftImg8bit,0,1,1,3,1
224,berlin_000238_000019_leftImg8bit,leftImg8bit,0,0,1,3,0
225,berlin_000239_000019_leftImg8bit,leftImg8bit,1,0,0,1,1
226,berlin_000240_000019_leftImg8bit,leftImg8bit,0,0,1,3,0
227,berlin_000241_000019_leftImg8bit,leftImg8bit,0,1,1,4,0
228,berlin_000242_000019_leftImg8bit,leftImg8bit,0,1,0,6,0
229,berlin_000243_000019_leftImg8bit,leftImg8bit,1,1,0,0,1
230,berlin_000244_000019_leftImg8bit,leftImg8bit,1,0,0,6,0
231,berlin_000245_000019_leftImg8bit,leftImg8bit,1,1,0,6,1
232,berlin_000246_000019_leftImg8bit,leftImg8bit,1,0,1,6,1
233,berlin_000247_000019_leftImg8bit,leftImg8bit,0,0,1,6,1
234,berlin_000248_000019_leftImg8bit,leftImg8bit,0,0,1,1,0
235,berlin_000249_000019_leftImg8bit,leftImg8bit,0,1,0,4,0
236,berlin_000250_000019_leftImg8bit,leftImg8bit,1,1,0,2,1
237,berlin_000251_000019_leftImg8bit,leftImg8bit,1,1,0,4,0
238,berlin_000252_000019_leftImg8bit,leftImg8bit,1,1,1,6,0
239,berlin_000253_000019_leftImg8bit,leftImg8bit,1,1,1,6,0
240,berlin_000254_000019_leftImg8bit,leftImg8bit,1,1,0,2,1
241,berlin_000255_000019_leftImg8bit,leftImg8bit,1,1,0,3,0
242,berlin_000256_000019_leftImg8bit,leftImg8bit,1,0,1,6,1
243,berlin_000257_000019_leftImg8bit,leftImg8bit,1,0,0,6,0
244,berlin_000258_000019_leftImg8bit,leftImg8bit,1,1,0,6,0
245,berlin_000259_000019_leftImg8bit,leftImg8bit,1,1,0,6,0
246,berlin_000260_000019_leftImg8bit,leftImg8bit,0,1,0,2,1
247,berlin_000261_000019_leftImg8bit,leftImg8bit,1,1,1,2,1
248,berlin_000262_000019_leftImg8bit,leftImg8bit,0,1,1,0,0
249,berlin_000263_000019_leftImg8bit,leftImg8bit,0,0,0,6,0
250,berlin_000264_000019_leftImg8bit,leftImg8bit,0,0,1,2,1
251,berlin_000265_000019_leftImg8bit,leftImg8bit,1,0,0,0,1
252,berlin_000266_000019_leftImg8bit,leftImg8bit,0,0,1,0,0
253,berlin_000267_000019_leftImg8bit,leftImg8bit,1,1,0,2,1
254,berlin_000268_000019_leftImg8bit,leftImg8bit,0,1,0,0,1
255,berlin_000269_000019_leftImg8bit,leftImg8bit,1,1,1,6,1
256,berlin_000270_000019_leftImg8bit,leftImg8bit,1,0,1,1,1
257,berlin_000271_000019_leftImg8bit,leftImg8bit,1,0,1,6,0
258,berlin_000272_000019_leftImg8bit,leftImg8bit,0,1,1,3,1
259,berlin_000273_000019_leftImg8bit,leftImg8bit,1,0,0,0,1
260,berlin_000274_000019_leftImg8bit,leftImg8bit,0,1,0,3,0
261,berlin_000275_000019_leftImg8bit,leftImg8bit,0,1,0,1,0
262,berlin_000276_000019_leftImg8bit,leftImg8bit,0,0,1,3,0
263,berlin_000277_000019_leftImg8bit,leftImg8bit,1,1,1,2,0
264,berlin_000278_000019_leftImg8bit,leftImg8bit,0,0,1,6,0
265,berlin_000279_000019_leftImg8bit,leftImg8bit,0,0,0,3,0
266,berlin_000282_000019_leftImg8bit,leftImg8bit,1,0,1,6,1
267,berlin_000283_000019_leftImg8bit,leftImg8bit,0,0,1,6,0
268,berlin_000284_000019_leftImg8bit,leftImg8bit,1,0,1,0,0
269,berlin_000285_000019_leftImg8bit,leftImg8bit,0,0,0,6,0
270,berlin_000286_000019_leftImg8bit,leftImg8bit,0,1,0,2,0
271,berlin_000287_000019_leftImg8bit,leftImg8bit,1,0,1,6,0
272,berlin_000288_000019_leftImg8bit,leftImg8bit,1,1,0,1,1
273,berlin_000289_000019_leftImg8bit,leftImg8bit,0,0,1,6,0
274,berlin_000290_000019_leftImg8bit,leftImg8bit,1,0,0,0,0
275,berlin_000291_000019_leftImg8bit,leftImg8bit,1,0,0,3,0
276,berlin_000292_000019_leftImg8bit,leftImg8bit,0,1,0,1,1
277,berlin_000293_000019_leftImg8bit,leftImg8bit,1,1,1,6,0
278,berlin_000294_000019_leftImg8bit,leftImg8bit,1,0,1,4,0
279,berlin_000295_000019_leftImg8bit,leftImg8bit,0,0,1,6,0
280,berlin_000296_000019_leftImg8bit,leftImg8bit,0,1,1,3,1
281,berlin_000297_000019_leftImg8bit,leftImg8bit,1,0,1,2,0
282,berlin_000298_000019_leftImg8bit,leftImg8bit,1,1,1,3,1
283,berlin_000299_000019_leftImg8bit,leftImg8bit,1,1,1,6,0
284,berlin_000300_000019_leftImg8bit,leftImg8bit,1,1,1,6,0
285,berlin_000301_000019_leftImg8bit,leftImg8bit,1,0,0,6,0
286,berlin_000302_000019_leftImg8bit,leftImg8bit,1,1,0,1,0
287,berlin_000303_000019_leftImg8bit,leftImg8bit,0,0,1,0,0
288,berlin_000304_000019_leftImg8bit,leftImg8bit,0,0,0,6,1
289,berlin_000305_000019_leftImg8bit,leftImg8bit,1,0,0,6,0
290,berlin_000306_000019_leftImg8bit,leftImg8bit,0,1,0,2,1
291,berlin_000307_000019_leftImg8bit,leftImg8bit,0,0,0,2,1
292,berlin_000308_000019_leftImg8bit,leftImg8bit,0,1,1,6,0
293,berlin_000309_000019_leftImg8bit,leftImg8bit,1,0,0,6,1
294,berlin_000310_000019_leftImg8bit,leftImg8bit,1,1,0,1,1
295,berlin_000311_000019_leftImg8bit,leftImg8bit,0,1,1,0,0
296,berlin_000313_000019_leftImg8bit,leftImg8bit,1,1,1,2,0
297,berlin_000315_000019_leftImg8bit,leftImg8bit,1,1,0,3,1
298,berlin_000316_000019_leftImg8bit,leftImg8bit,1,1,0,6,0
299,berlin_000317_000019_leftImg8bit,leftImg8bit,1,0,0,6,0
300,berlin_000318_000019_leftImg8bit,leftImg8bit,0,1,1,2,0
301,berlin_000319_000019_leftImg8bit,leftImg8bit,1,0,0,6,0
302,berlin_000321_000019_leftImg8bit,leftImg8bit,1,1,1,4,1
303,berlin_000322_000019_leftImg8bit,leftImg8bit,1,0,0,3,1
304,berlin_000323_000019_leftImg8bit,leftImg8bit,0,1,1,4,1
305,berlin_000325_000019_leftImg8bit,leftImg8bit,1,1,1,2,1
306,berlin_000326_000019_leftImg8bit,leftImg8bit,0,0,1,4,0
307,berlin_000328_000019_leftImg8bit,leftImg8bit,0,0,0,3,0
308,berlin_000329_000019_leftImg8bit,leftImg8bit,0,0,1,6,0
309,berlin_000330_000019_leftImg8bit,leftImg8bit,0,0,0,6,0
310,berlin_000331_000019_leftImg8bit,leftImg8bit,0,1,1,3,0
311,berlin_000332_000019_leftImg8bit,leftImg8bit,1,1,0,3,1
312,berlin_000333_000019_leftImg8bit,leftImg8bit,0,1,0,0,1
313,berlin_000334_000019_leftImg8bit,leftImg8bit,1,1,0,3,1
314,berlin_000335_000019_leftImg8bit,leftImg8bit,1,1,1,4,0
315,berlin_000336_000019_leftImg8bit,leftImg8bit,1,1,0,6,1
316,berlin_000337_000019_leftImg8bit,leftImg8bit,1,0,0,6,1
317,berlin_000338_000019_leftImg8bit,leftImg8bit,1,1,1,0,0
318,berlin_000339_000019_leftImg8bit,leftImg8bit,1,0,0,6,1
319,berlin_000340_000019_leftImg8bit,leftImg8bit,1,1,1,0,1
320,berlin_000341_000019_leftImg8bit,leftImg8bit,0,0,0,6,1
321,berlin_000342_000019_leftImg8bit,leftImg8bit,0,0,0,2,0
322,berlin_000343_000019_leftImg8bit,leftImg8bit,0,0,1,6,1
323,berlin_000344_000019_leftImg8bit,leftImg8bit,0,0,1,4,0
324,berlin_000345_000019_leftImg8bit,leftImg8bit,1,0,1,6,0
325,berlin_000346_000019_leftImg8bit,leftImg8bit,1,0,0,6,0
326,berlin_000347_000019_leftImg8bit,leftImg8bit,0,0,0,0,0
327,berlin_000348_000019_leftImg8bit,leftImg8bit,0,0,0,3,0
328,berlin_000349_000019_leftImg8bit,leftImg8bit,0,1,0,2,1
329,berlin_000350_000019_leftImg8bit,leftImg8bit,1,0,1,6,1
330,berlin_000351_000019_leftImg8bit,leftImg8bit,1,1,0,0,1
331,berlin_000352_000019_leftImg8bit,leftImg8bit,0,0,0,1,0
332,berlin_000353_000019_leftImg8bit,leftImg8bit,0,0,0,2,0
333,berlin_000355_000019_leftImg8bit,leftImg8bit,1,1,1,4,0
334,berlin_000356_000019_leftImg8bit,leftImg8bit,0,0,0,3,0
335,berlin_000357_000019_leftImg8bit,leftImg8bit,0,0,0,6,0
336,berlin_000358_000019_leftImg8bit,leftImg8bit,1,0,0,3,0
337,berlin_000359_000019_leftImg8bit,leftImg8bit,1,0,0,6,1
338,berlin_000360_000019_leftImg8bit,leftImg8bit,1,1,0,6,1
339,berlin_000361_000019_leftImg8bit,leftImg8bit,1,0,0,1,1
340,berlin_000363_000019_leftImg8bit,leftImg8bit,0,0,1,3,0
341,berlin_000364_000019_leftImg8bit,leftImg8bit,0,0,0,6,0
342,berlin_000365_000019_leftImg8bit,leftImg8bit,1,0,0,1,0
343,berlin_000366_000019_leftImg8bit,leftImg8bit,1,0,0,3,1
344,berlin_000367_000019_leftImg8bit,leftImg8bit,0,1,1,6,1
345,berlin_000368_000019_leftImg8bit,leftImg8bit,1,0,0,3,0
346,berlin_000369_000019_leftImg8bit,leftImg8bit,0,1,0,4,1
347,berlin_000370_000019_leftImg8bit,leftImg8bit,0,0,0,6,0
348,berlin_000371_000019_leftImg8bit,leftImg8bit,1,1,0,2,1
349,berlin_000372_000019_leftImg8bit,leftImg8bit,1,0,1,4,0
350,berlin_000373_000019_leftImg8bit,leftImg8bit,1,1,0,6,0
351,berlin_000375_000019_leftImg8bit,leftImg8bit,1,0,1,6,0
352,berlin_000376_000019_leftImg8bit,leftImg8bit,0,0,1,6,0
353,berlin_000377_000019_leftImg8bit,leftImg8bit,1,0,1,1,0
354,berlin_000378_000019_leftImg8bit,leftImg8bit,1,1,1,2,0
355,berlin_000379_000019_leftImg8bit,leftImg8bit,1,0,0,6,1
356,berlin_000380_000019_leftImg8bit,leftImg8bit,1,0,1,6,0
357,berlin_000381_000019_leftImg8bit,leftImg8bit,0,1,0,6,0
358,berlin_000382_000019_leftImg8bit,leftImg8bit,1,0,1,0,0
359,berlin_000383_000019_leftImg8bit,leftImg8bit,1,0,0,6,0
360,berlin_000384_000019_leftImg8bit,leftImg8bit,1,1,1,3,1
361,berlin_000385_000019_leftImg8bit,leftImg8bit,1,1,1,0,1
362,berlin_000386_000019_leftImg8bit,leftImg8bit,0,0,0,1,0
363,berlin_000387_000019_leftImg8bit,leftImg8bit,0,0,0,6,0
364,berlin_000388_000019_leftImg8bit,leftImg8bit,1,0,1,4,0
365,berlin_000389_000019_leftImg8bit,leftImg8bit,1,0,0,1,1
366,berlin_000390_000019_leftImg8bit,leftImg8bit,1,1,1,3,0
367,berlin_000391_000019_leftImg8bit,leftImg8bit,1,0,1,0,0
368,berlin_000392_000019_leftImg8bit,leftImg8bit,0,1,0,1,0
369,berlin_000393_000019_leftImg8bit,leftImg8bit,0,0,1,6,0
370,berlin_000394_000019_leftImg8bit,leftImg8bit,0,0,0,6,0
371,berlin_000395_000019_leftImg8bit,leftImg8bit,1,0,1,4,1
372,berlin_000396_000019_leftImg8bit,leftImg8bit,0,0,0,3,0
373,berlin_000397_000019_leftImg8bit,leftImg8bit,1,0,0,6,1
374,berlin_000398_000019_leftImg8bit,leftImg8bit,1,0,1,4,0
375,berlin_000399_000019_leftImg8bit,leftImg8bit,0,0,0,6,1
376,berlin_000400_000019_leftImg8bit,leftImg8bit,1,1,0,3,1
377,berlin_000401_000019_leftImg8bit,leftImg8bit,0,1,1,6,0
378,berlin_000402_000019_leftImg8bit,leftImg8bit,1,0,1,0,1
379,berlin_000403_000019_leftImg8bit,leftImg8bit,1,0,0,6,0
380,berlin_000404_000019_leftImg8bit,leftImg8bit,0,1,0,2,0
381,berlin_000405_000019_leftImg8bit,leftImg8bit,0,1,0,3,0
382,berlin_000406_000019_leftImg8bit,leftImg8bit,0,0,1,2,0
383,berlin_000407_000019_leftImg8bit,leftImg8bit,0,0,1,2,1
384,berlin_000408_000019_leftImg8bit,leftImg8bit,0,0,1,6,1
385,berlin_000409_000019_leftImg8bit,leftImg8bit,0,0,1,6,1
386,berlin_000410_000019_leftImg8bit,leftImg8bit,0,0,0,6,0
387,berlin_000411_000019_leftImg8bit,leftImg8bit,0,0,1,2,0
388,berlin_000412_000019_leftImg8bit,leftImg8bit,1,1,0,4,1
389,berlin_000413_000019_leftImg8bit,leftImg8bit,0,1,0,0,1
390,berlin_000414_000019_leftImg8bit,leftImg8bit,1,0,0,6,0
391,berlin_000415_000019_leftImg8bit,leftImg8bit,0,0,0,3,0
392,berlin_000416_000019_leftImg8bit,leftImg8bit,1,1,0,3,1
393,berlin_000417_000019_leftImg8bit,leftImg8bit,0,0,0,1,0
394,berlin_000418_000019_leftImg8bit,leftImg8bit,1,1,1,3,1
395,berlin_000419_000019_leftImg8bit,leftImg8bit,1,1,0,3,1
396,berlin_000420_000019_leftImg8bit,leftImg8bit,1,1,0,6,1
397,berlin_000421_000019_leftImg8bit,leftImg8bit,1,1,1,1,0
398,berlin_000422_000019_leftImg8bit,leftImg8bit,0,0,0,6,1
399,berlin_000423_000019_leftImg8bit,leftImg8bit,0,1,0,6,0
400,berlin_000424_000019_leftImg8bit,leftImg8bit,1,1,0,6,1
401,berlin_000425_000019_leftImg8bit,leftImg8bit,1,1,0,3,0
402,berlin_000426_000019_leftImg8bit,leftImg8bit,1,1,0,3,0
403,berlin_000427_000019_leftImg8bit,leftImg8bit,1,1,1,1,1
404,berlin_000428_000019_leftImg8bit,leftImg8bit,1,0,0,1,0
405,berlin_000429_000019_leftImg8bit,leftImg8bit,1,0,1,6,1
406,berlin_000430_000019_leftImg8bit,leftImg8bit,0,1,1,3,0
407,berlin_000431_000019_leftImg8bit,leftImg8bit,0,1,1,2,0
408,berlin_000432_000019_leftImg8bit,leftImg8bit,1,0,1,6,0
409,berlin_000433_000019_leftImg8bit,leftImg8bit,1,0,0,2,0
410,berlin_000434_000019_leftImg8bit,leftImg8bit,0,1,0,1,0
411,berlin_000435_000019_leftImg8bit,leftImg8bit,0,1,0,1,1
412,berlin_000436_000019_leftImg8bit,leftImg8bit,1,0,0,6,1
413,berlin_000437_000019_leftImg8bit,leftImg8bit,1,0,0,2,0
414,berlin_000438_000019_leftImg8bit,leftImg8bit,1,0,0,2,1
415,berlin_000439_000019_leftImg8bit,leftImg8bit,1,0,0,2,0
416,berlin_000440_000019_leftImg8bit,leftImg8bit,0,1,0,6,0
417,berlin_000441_000019_leftImg8bit,leftImg8bit,1,0,0,2,0
418,berlin_000442_000019_leftImg8bit,leftImg8bit,0,1,1,6,0
419,berlin_000443_000019_leftImg8bit,leftImg8bit,0,1,0,0,0
420,berlin_000444_000019_leftImg8bit,leftImg8bit,0,1,0,2,1
421,berlin_000445_000019_leftImg8bit,leftImg8bit,1,0,1,1,0
422,berlin_000446_000019_leftImg8bit,leftImg8bit,0,1,0,3,0
423,berlin_000447_000019_leftImg8bit,leftImg8bit,0,0,0,1,0
424,berlin_000448_000019_leftImg8bit,leftImg8bit,0,0,1,4,0
425,berlin_000449_000019_leftImg8bit,leftImg8bit,1,0,1,6,1
426,berlin_000450_000019_leftImg8bit,leftImg8bit,1,1,0,4,1
427,berlin_000452_000019_leftImg8bit,leftImg8bit,1,1,0,0,1
428,berlin_000453_000019_leftImg8bit,leftImg8bit,0,0,0,6,0
429,berlin_000454_000019_leftImg8bit,leftImg8bit,0,1,1,1,0
430,berlin_000455_000019_leftImg8bit,leftImg8bit,1,1,0,3,0
431,berlin_000456_000019_leftImg8bit,leftImg8bit,1,0,1,6,0
432,berlin_000457_000019_leftImg8bit,leftImg8bit,1,0,0,0,1
433,berlin_000458_000019_leftImg8bit,leftImg8bit,0,0,1,2,0
434,berlin_000459_000019_leftImg8bit,leftImg8bit,0,1,0,2,1
435,berlin_000460_000019_leftImg8bit,leftImg8bit,1,1,0,2,0
436,berlin_000461_000019_leftImg8bit,leftImg8bit,0,0,0,1,0
437,berlin_000462_000019_leftImg8bit,leftImg8bit,0,1,0,3,1
438,berlin_000463_000019_leftImg8bit,leftImg8bit,1,0,0,4,0
439,berlin_000464_000019_leftImg8bit,leftImg8bit,0,0,1,6,0
440,berlin_000465_000019_leftImg8bit,leftImg8bit,0,0,0,0,1
441,berlin_000466_000019_leftImg8bit,leftImg8bit,0,1,1,0,1
442,berlin_000467_000019_leftImg8bit,leftImg8bit,0,1,0,2,0
443,berlin_000468_000019_leftImg8bit,leftImg8bit,0,0,0,2,0
444,berlin_000469_000019_leftImg8bit,leftImg8bit,1,0,0,6,1
445,berlin_000470_000019_leftImg8bit,leftImg8bit,0,0,1,6,0
446,berlin_000471_000019_leftImg8bit,leftImg8bit,1,1,0,3,1
447,berlin_000472_000019_leftImg8bit,leftImg8bit,0,0,0,6,0
448,berlin_000473_000019_leftImg8bit,leftImg8bit,1,0,0,6,0
449,berlin_000474_000019_leftImg8bit,leftImg8bit,1,0,1,6,0
450,berlin_000475_000019_leftImg8bit,leftImg8bit,0,0,1,0,0
451,berlin_000476_000019_leftImg8bit,leftImg8bit,1,1,1,2,1
452,berlin_000477_000019_leftImg8bit,leftImg8bit,1,0,0,1,1
453,berlin_000478_000019_leftImg8bit,leftImg8bit,1,0,0,6,0
454,berlin_000479_000019_leftImg8bit,leftImg8bit,1,0,1,4,0
455,berlin_000480_000019_leftImg8bit,leftImg8bit,0,0,0,6,0
456,berlin_000481_000019_leftImg8bit,leftImg8bit,0,1,1,4,0
457,berlin_000482_000019_leftImg8bit,leftImg8bit,0,1,0,3,0
458,berlin_000483_000019_leftImg8bit,leftImg8bit,1,0,0,5,0
459,berlin_000484_000019_leftImg8bit,leftImg8bit,0,0,0,6,0
460,berlin_000485_000019_leftImg8bit,leftImg8bit,1,1,0,1,0
461,berlin_000486_000019_leftImg8bit,leftImg8bit,1,1,0,1,1
462,berlin_000487_000019_leftImg8bit,leftImg8bit,0,0,1,1,0
463,berlin_000488_000019_leftImg8bit,leftImg8bit,1,1,1,4,0
464,berlin_000489_000019_leftImg8bit,leftImg8bit,1,1,0,6,1
465,berlin_000490_000019_leftImg8bit,leftImg8bit,0,1,0,3,1
466,berlin_000491_000019_leftImg8bit,leftImg8bit,1,1,1,1,1
467,berlin_000492_000019_leftImg8bit,leftImg8bit,0,1,0,2,1
468,berlin_000493_000019_leftImg8bit,leftImg8bit,0,1,0,1,1
469,berlin_000494_000019_leftImg8bit,leftImg8bit,0,0,1,2,0
470,berlin_000495_000019_leftImg8bit,leftImg8bit,1,1,0,3,1
471,berlin_000496_000019_leftImg8bit,leftImg8bit,1,0,1,6,0
472,berlin_000497_000019_leftImg8bit,leftImg8bit,1,0,1,4,0
473,berlin_000498_000019_leftImg8bit,leftImg8bit,1,0,0,3,0
474,berlin_000499_000019_leftImg8bit,leftImg8bit,1,1,0,3,0
475,berlin_000500_000019_leftImg8bit,leftImg8bit,1,1,0,3,0
476,berlin_000501_000019_leftImg8bit,leftImg8bit,0,0,0,6,0
477,berlin_000502_000019_leftImg8bit,leftImg8bit,1,1,1,0,1
478,berlin_000503_000019_leftImg8bit,leftImg8bit,0,1,1,1,0
479,berlin_000504_000019_leftImg8bit,leftImg8bit,0,0,0,6,0
480,berlin_000505_000019_leftImg8bit,leftImg8bit,0,1,1,4,1
481,berlin_000506_000019_leftImg8bit,leftImg8bit,1,0,1,6,0
482,berlin_000507_000019_leftImg8bit,leftImg8bit,1,0,0,1,0
483,berlin_000508_000019_leftImg8bit,leftImg8bit,0,1,1,2,0
484,berlin_000509_000019_leftImg8bit,leftImg8bit,1,0,1,6,1
485,berlin_000510_000019_leftImg8bit,leftImg8bit,1,0,0,0,1
486,berlin_000511_000019_leftImg8bit,leftImg8bit,0,0,0,6,0
487,berlin_000512_000019_leftImg8bit,leftImg8bit,0,1,0,2,0
488,berlin_000513_000019_leftImg8bit,leftImg8bit,0,0,0,6,0
489,berlin_000514_000019_leftImg8bit,leftImg8bit,1,1,0,3,1
490,berlin_000515_000019_leftImg8bit,leftImg8bit,1,0,1,0,1
491,berlin_000516_000019_leftImg8bit,leftImg8bit,1,0,0,0,1
492,berlin_000517_000019_leftImg8bit,leftImg8bit,1,1,1,4,0
493,berlin_000518_000019_leftImg8bit,leftImg8bit,0,1,1,6,1
494,berlin_000519_000019_leftImg8bit,leftImg8bit,1,0,1,0,0
495,berlin_000520_000019_leftImg8bit,leftImg8bit,1,1,0,6,1
496,berlin_000521_000019_leftImg8bit,leftImg8bit,1,1,0,4,0
497,berlin_000522_000019_leftImg8bit,leftImg8bit,0,1,0,3,0
498,berlin_000523_000019_leftImg8bit,leftImg8bit,0,1,0,3,1
499,berlin_000525_000019_leftImg8bit,leftImg8bit,1,0,0,0,1
500,berlin_000526_000019_leftImg8bit,leftImg8bit,1,1,0,6,1
501,berlin_000527_000019_leftImg8bit,leftImg8bit,0,1,1,1,0
502,berlin_000528_000019_leftImg8bit,leftImg8bit,1,1,0,3,1
503,berlin_000529_000019_leftImg8bit,leftImg8bit,1,1,0,0,1
504,berlin_000530_000019_leftImg8bit,leftImg8bit,0,1,1,6,0
505,berlin_000531_000019_leftImg8bit,leftImg8bit,0,1,1,2,0
506,berlin_000532_000019_leftImg8bit,leftImg8bit,0,1,1,0,1
507,berlin_000533_000019_leftImg8bit,leftImg8bit,0,1,1,3,0
508,berlin_000534_000019_leftImg8bit,leftImg8bit,0,1,0,6,1
509,berlin_000535_000019_leftImg8bit,leftImg8bit,1,0,0,4,1
510,berlin_000536_000019_leftImg8bit,leftImg8bit,1,0,1,4,0
511,berlin_000537_000019_leftImg8bit,leftImg8bit,0,0,0,2,0
512,berlin_000538_000019_leftImg8bit,leftImg8bit,0,1,0,3,0
513,berlin_000539_000019_leftImg8bit,leftImg8bit,1,0,0,6,0
514,berlin_000540_000019_leftImg8bit,leftImg8bit,1,0,0,6,0
515,berlin_000541_000019_leftImg8bit,leftImg8bit,1,0,1,6,1
516,berlin_000542_000019_leftImg8bit,leftImg8bit,0,1,0,0,1
517,berlin_000543_000019_leftImg8bit,leftImg8bit,0,0,1,0,0
518,bielefeld_000000_000321_leftImg8bit,leftImg8bit,1,0,1,6,0
519,bielefeld_000000_000856_leftImg8bit,leftImg8bit,0,0,0,6,0
520,bielefeld_000000_001011_leftImg8bit,leftImg8bit,0,1,0,6,0
521,bielefeld_000000_001187_leftImg8bit,leftImg8bit,1,1,1,6,1
522,bielefeld_000000_001505_leftImg8bit,leftImg8bit,0,1,0,2,1
523,bielefeld_000000_001705_leftImg8bit,leftImg8bit,0,0,0,6,0
524,bielefeld_000000_002308_leftImg8bit,leftImg8bit,0,0,0,1,0
525,bielefeld_000000_002528_leftImg8bit,leftImg8bit,0,1,0,6,0
526,bielefeld_000000_002735_leftImg8bit,leftImg8bit,1,1,1,4,0
527,bielefeld_000000_003080_leftImg8bit,leftImg8bit,1,0,0,6,1
528,bielefeld_000000_003406_leftImg8bit,leftImg8bit,0,1,0,3,1
529,bielefeld_000000_003546_leftImg8bit,leftImg8bit,0,0,0,6,0
530,bielefeld_000000_003731_leftImg8bit,leftImg8bit,0,1,0,2,0
531,bielefeld_000000_004345_leftImg8bit,leftImg8bit,1,0,0,1,1
532,bielefeld_000000_005068_leftImg8bit,leftImg8bit,0,0,0,6,0
533,bielefeld_000000_005260_leftImg8bit,leftImg8bit,0,0,0,2,0
534,bielefeld_000000_005372_leftImg8bit,leftImg8bit,1,0,0,6,1
535,bielefeld_000000_005584_leftImg8bit,leftImg8bit,0,1,0,4,0
536,bielefeld_000000_005741_leftImg8bit,leftImg8bit,0,0,0,0,0
537,bielefeld_000000_005942_leftImg8bit,leftImg8bit,0,0,0,4,0
538,bielefeld_000000_006239_leftImg8bit,leftImg8bit,1,0,0,6,0
539,bielefeld_000000_006603_leftImg8bit,leftImg8bit,1,1,1,4,1
540,bielefeld_000000_006802_leftImg8bit,leftImg8bit,1,1,1,0,0
541,bielefeld_000000_007030_leftImg8bit,leftImg8bit,0,0,0,6,0
542,bielefeld_000000_007186_leftImg8bit,leftImg8bit,1,1,1,4,1
543,bielefeld_000000_007545_leftImg8bit,leftImg8bit,0,1,1,1,0
544,bielefeld_000000_008279_leftImg8bit,leftImg8bit,0,1,0,2,0
545,bielefeld_000000_008581_leftImg8bit,leftImg8bit,1,0,1,4,0
546,bielefeld_000000_008800_leftImg8bit,leftImg8bit,1,0,0,6,0
547,bielefeld_000000_009728_leftImg8bit,leftImg8bit,0,0,0,1,1
548,bielefeld_000000_009928_leftImg8bit,leftImg8bit,1,0,0,2,1
549,bielefeld_000000_010156_leftImg8bit,leftImg8bit,0,0,0,1,0
550,bielefeld_000000_011367_leftImg8bit,leftImg8bit,1,1,1,6,1
551,bielefeld_000000_012080_leftImg8bit,leftImg8bit,1,0,0,3,1
552,bielefeld_000000_012584_leftImg8bit,leftImg8bit,1,1,1,6,0
553,bielefeld_000000_012788_leftImg8bit,leftImg8bit,1,1,0,2,0
554,bielefeld_000000_013570_leftImg8bit,leftImg8bit,0,0,1,1,0
555,bielefeld_000000_013665_leftImg8bit,leftImg8bit,0,0,0,6,0
556,bielefeld_000000_013814_leftImg8bit,leftImg8bit,0,0,0,2,0
557,bielefeld_000000_014068_leftImg8bit,leftImg8bit,1,0,0,0,1
558,bielefeld_000000_015587_leftImg8bit,leftImg8bit,0,0,0,1,1
559,bielefeld_000000_015867_leftImg8bit,leftImg8bit,1,1,0,6,0
560,bielefeld_000000_015942_leftImg8bit,leftImg8bit,0,1,0,1,1
561,bielefeld_000000_016019_leftImg8bit,leftImg8bit,0,1,1,6,0
562,bielefeld_000000_016718_leftImg8bit,leftImg8bit,0,0,0,6,0
563,bielefeld_000000_016924_leftImg8bit,leftImg8bit,0,0,0,6,0
564,bielefeld_000000_017051_leftImg8bit,leftImg8bit,0,1,0,3,1
565,bielefeld_000000_017279_leftImg8bit,leftImg8bit,1,1,1,4,1
566,bielefeld_000000_017438_leftImg8bit,leftImg8bit,0,0,0,2,1
567,bielefeld_000000_017774_leftImg8bit,leftImg8bit,0,1,0,6,1
568,bielefeld_000000_018345_leftImg8bit,leftImg8bit,0,0,0,0,0
569,bielefeld_000000_018644_leftImg8bit,leftImg8bit,0,1,0,3,0
570,bielefeld_000000_019416_leftImg8bit,leftImg8bit,1,1,0,0,0
571,bielefeld_000000_020757_leftImg8bit,leftImg8bit,1,1,0,3,1
572,bielefeld_000000_020900_leftImg8bit,leftImg8bit,0,1,1,2,0
573,bielefeld_000000_021221_leftImg8bit,leftImg8bit,0,1,0,4,0
574,bielefeld_000000_021341_leftImg8bit,leftImg8bit,1,1,0,5,0
575,bielefeld_000000_021625_leftImg8bit,leftImg8bit,0,0,1,6,0
576,bielefeld_000000_021826_leftImg8bit,leftImg8bit,0,1,0,3,0
577,bielefeld_000000_022261_leftImg8bit,leftImg8bit,0,0,0,5,0
578,bielefeld_000000_022835_leftImg8bit,leftImg8bit,0,1,0,1,0
579,bielefeld_000000_025061_leftImg8bit,leftImg8bit,1,1,1,6,1
580,bielefeld_000000_025426_leftImg8bit,leftImg8bit,0,1,1,6,0
581,bielefeld_000000_025748_leftImg8bit,leftImg8bit,1,0,1,3,0
582,bielefeld_000000_026053_leftImg8bit,leftImg8bit,1,1,0,1,1
583,bielefeld_000000_026296_leftImg8bit,leftImg8bit,1,0,0,4,1
584,bielefeld_000000_026550_leftImg8bit,leftImg8bit,1,1,0,6,0
585,bielefeld_000000_026660_leftImg8bit,leftImg8bit,0,1,1,6,0
586,bielefeld_000000_026823_leftImg8bit,leftImg8bit,0,0,0,0,1
587,bielefeld_000000_027221_leftImg8bit,leftImg8bit,1,1,0,1,1
588,bielefeld_000000_027586_leftImg8bit,leftImg8bit,1,1,0,3,1
589,bielefeld_000000_027928_leftImg8bit,leftImg8bit,1,0,0,0,1
590,bielefeld_000000_028046_leftImg8bit,leftImg8bit,0,0,0,6,0
591,bielefeld_000000_028148_leftImg8bit,leftImg8bit,0,0,0,4,0
592,bielefeld_000000_028414_leftImg8bit,leftImg8bit,0,0,0,6,0
593,bielefeld_000000_028747_leftImg8bit,leftImg8bit,0,1,0,1,0
594,bielefeld_000000_029148_leftImg8bit,leftImg8bit,0,0,1,6,0
595,bielefeld_000000_030038_leftImg8bit,leftImg8bit,0,1,1,4,0
596,bielefeld_000000_030366_leftImg8bit,leftImg8bit,1,1,0,2,0
597,bielefeld_000000_030958_leftImg8bit,leftImg8bit,1,1,0,2,0
598,bielefeld_000000_031244_leftImg8bit,leftImg8bit,1,0,0,6,1
599,bielefeld_000000_031510_leftImg8bit,leftImg8bit,1,1,0,4,1
600,bielefeld_000000_032388_leftImg8bit,leftImg8bit,0,1,0,0,1
601,bielefeld_000000_032766_leftImg8bit,leftImg8bit,0,0,0,6,0
602,bielefeld_000000_033675_leftImg8bit,leftImg8bit,0,0,1,6,0
603,bielefeld_000000_033770_leftImg8bit,leftImg8bit,0,1,0,2,0
604,bielefeld_000000_033979_leftImg8bit,leftImg8bit,0,1,0,3,0
605,bielefeld_000000_034705_leftImg8bit,leftImg8bit,0,1,1,2,1
606,bielefeld_000000_034929_leftImg8bit,leftImg8bit,1,0,0,6,1
607,bielefeld_000000_035223_leftImg8bit,leftImg8bit,0,0,0,6,0
608,bielefeld_000000_035537_leftImg8bit,leftImg8bit,1,0,0,1,0
609,bielefeld_000000_035879_leftImg8bit,leftImg8bit,1,1,1,2,0
610,bielefeld_000000_036362_leftImg8bit,leftImg8bit,1,1,0,3,0
611,bielefeld_000000_036732_leftImg8bit,leftImg8bit,0,1,1,4,0
612,bielefeld_000000_037016_leftImg8bit,leftImg8bit,1,0,1,2,1
613,bielefeld_000000_037159_leftImg8bit,leftImg8bit,0,0,1,6,0
614,bielefeld_000000_037422_leftImg8bit,leftImg8bit,1,1,1,6,0
615,bielefeld_000000_038924_leftImg8bit,leftImg8bit,0,0,0,6,1
616,bielefeld_000000_039082_leftImg8bit,leftImg8bit,1,1,0,3,1
617,bielefeld_000000_039221_leftImg8bit,leftImg8bit,0,1,1,0,0
618,bielefeld_000000_039596_leftImg8bit,leftImg8bit,1,0,0,2,0
619,bielefeld_000000_040035_leftImg8bit,leftImg8bit,1,0,1,6,0
620,bielefeld_000000_040472_leftImg8bit,leftImg8bit,0,1,0,5,1
621,bielefeld_000000_041014_leftImg8bit,leftImg8bit,0,1,0,5,0
622,bielefeld_000000_041142_leftImg8bit,leftImg8bit,0,1,0,2,1
623,bielefeld_000000_041223_leftImg8bit,leftImg8bit,1,0,1,6,1
624,bielefeld_000000_041444_leftImg8bit,leftImg8bit,1,0,1,6,1
625,bielefeld_000000_042403_leftImg8bit,leftImg8bit,1,1,0,3,0
626,bielefeld_000000_042571_leftImg8bit,leftImg8bit,0,1,1,0,1
627,bielefeld_000000_042717_leftImg8bit,leftImg8bit,0,1,1,2,0
628,bielefeld_000000_043100_leftImg8bit,leftImg8bit,1,0,1,4,0
629,bielefeld_000000_043389_leftImg8bit,leftImg8bit,0,0,1,0,0
630,bielefeld_000000_043610_leftImg8bit,leftImg8bit,1,1,1,1,0
631,bielefeld_000000_045117_leftImg8bit,leftImg8bit,0,0,1,1,0
632,bielefeld_000000_045232_leftImg8bit,leftImg8bit,1,1,0,1,0
633,bielefeld_000000_046023_leftImg8bit,leftImg8bit,1,1,1,4,0
634,bielefeld_000000_046212_leftImg8bit,leftImg8bit,1,1,0,3,0
635,bielefeld_000000_046495_leftImg8bit,leftImg8bit,1,1,0,0,0
636,bielefeld_000000_047542_leftImg8bit,leftImg8bit,1,1,0,3,0
637,bielefeld_000000_047918_leftImg8bit,leftImg8bit,0,0,1,4,0
638,bielefeld_000000_048227_leftImg8bit,leftImg8bit,1,1,0,3,0
639,bielefeld_000000_048518_leftImg8bit,leftImg8bit,0,0,0,3,0
640,bielefeld_000000_048754_leftImg8bit,leftImg8bit,0,1,0,0,1
641,bielefeld_000000_048864_leftImg8bit,leftImg8bit,1,0,0,1,0
642,bielefeld_000000_049313_leftImg8bit,leftImg8bit,1,0,0,0,0
643,bielefeld_000000_049446_leftImg8bit,leftImg8bit,1,0,0,6,1
644,bielefeld_000000_050426_leftImg8bit,leftImg8bit,0,1,1,6,0
645,bielefeld_000000_050586_leftImg8bit,leftImg8bit,0,0,1,2,0
646,bielefeld_000000_051102_leftImg8bit,leftImg8bit,0,0,0,6,0
647,bielefeld_000000_051223_leftImg8bit,leftImg8bit,0,0,0,3,0
648,bielefeld_000000_051894_leftImg8bit,leftImg8bit,1,0,1,6,1
649,bielefeld_000000_052155_leftImg8bit,leftImg8bit,1,1,0,6,1
650,bielefeld_000000_053028_leftImg8bit,leftImg8bit,1,1,0,6,1
651,bielefeld_000000_053384_leftImg8bit,leftImg8bit,1,0,1,6,1
652,bielefeld_000000_053583_leftImg8bit,leftImg8bit,1,0,0,0,1
653,bielefeld_000000_053779_leftImg8bit,leftImg8bit,1,1,1,6,1
654,bielefeld_000000_055003_leftImg8bit,leftImg8bit,0,0,1,4,0
655,bielefeld_000000_055145_leftImg8bit,leftImg8bit,1,0,1,6,0
656,bielefeld_000000_056175_leftImg8bit,leftImg8bit,1,0,0,0,0
657,bielefeld_000000_056226_leftImg8bit,leftImg8bit,0,1,1,4,1
658,bielefeld_000000_056310_leftImg8bit,leftImg8bit,0,1,1,6,1
659,bielefeld_000000_056493_leftImg8bit,leftImg8bit,0,0,1,6,1
660,bielefeld_000000_056603_leftImg8bit,leftImg8bit,0,0,1,6,0
661,bielefeld_000000_056866_leftImg8bit,leftImg8bit,1,1,1,3,1
662,bielefeld_000000_058374_leftImg8bit,leftImg8bit,0,1,1,6,1
663,bielefeld_000000_058776_leftImg8bit,leftImg8bit,0,0,0,1,1
664,bielefeld_000000_058934_leftImg8bit,leftImg8bit,0,1,0,0,0
665,bielefeld_000000_059303_leftImg8bit,leftImg8bit,0,0,0,0,1
666,bielefeld_000000_059355_leftImg8bit,leftImg8bit,1,1,1,0,1
667,bielefeld_000000_059501_leftImg8bit,leftImg8bit,0,0,0,2,1
668,bielefeld_000000_059651_leftImg8bit,leftImg8bit,0,1,1,6,1
669,bielefeld_000000_059729_leftImg8bit,leftImg8bit,0,0,0,6,0
670,bielefeld_000000_059766_leftImg8bit,leftImg8bit,1,0,0,6,1
671,bielefeld_000000_059842_leftImg8bit,leftImg8bit,1,1,0,6,0
672,bielefeld_000000_060786_leftImg8bit,leftImg8bit,0,1,1,6,0
673,bielefeld_000000_060861_leftImg8bit,leftImg8bit,0,0,0,6,0
674,bielefeld_000000_061094_leftImg8bit,leftImg8bit,0,1,1,6,0
675,bielefeld_000000_061341_leftImg8bit,leftImg8bit,0,0,1,6,0
676,bielefeld_000000_061975_leftImg8bit,leftImg8bit,1,0,0,2,0
677,bielefeld_000000_062121_leftImg8bit,leftImg8bit,0,0,0,3,0
678,bielefeld_000000_063623_leftImg8bit,leftImg8bit,0,1,0,2,0
679,bielefeld_000000_063939_leftImg8bit,leftImg8bit,1,1,0,2,0
680,bielefeld_000000_064271_leftImg8bit,leftImg8bit,0,1,1,4,0
681,bielefeld_000000_064583_leftImg8bit,leftImg8bit,0,1,1,4,0
682,bielefeld_000000_064805_leftImg8bit,leftImg8bit,1,1,0,2,1
683,bielefeld_000000_064910_leftImg8bit,leftImg8bit,1,1,0,1,0
684,bielefeld_000000_065023_leftImg8bit,leftImg8bit,1,1,1,6,1
685,bielefeld_000000_065154_leftImg8bit,leftImg8bit,0,0,0,6,0
686,bielefeld_000000_066195_leftImg8bit,leftImg8bit,0,0,1,4,0
687,bielefeld_000000_066405_leftImg8bit,leftImg8bit,1,1,0,6,0
688,bielefeld_000000_066495_leftImg8bit,leftImg8bit,1,0,0,1,0
689,bonn_000000_000019_leftImg8bit,leftImg8bit,0,0,0,6,0
690,bonn_000001_000019_leftImg8bit,leftImg8bit,1,1,1,0,0
691,bonn_000002_000019_leftImg8bit,leftImg8bit,1,0,0,6,1
692,bonn_000003_000019_leftImg8bit,leftImg8bit,0,0,1,6,0
693,bonn_000004_000019_leftImg8bit,leftImg8bit,0,1,0,0,1
694,bonn_000005_000019_leftImg8bit,leftImg8bit,1,0,1,0,1
695,bonn_000006_000019_leftImg8bit,leftImg8bit,0,1,0,2,1
696,bonn_000007_000019_leftImg8bit,leftImg8bit,0,1,0,3,1
697,bonn_000008_000019_leftImg8bit,leftImg8bit,0,0,1,6,0
698,bonn_000009_000019_leftImg8bit,leftImg8bit,0,0,0,0,0
699,bonn_000011_000019_leftImg8bit,leftImg8bit,1,0,1,4,0
700,bonn_000012_000019_leftImg8bit,leftImg8bit,1,1,0,1,1
701,bonn_000013_000019_leftImg8bit,leftImg8bit,1,0,1,1,1
702,bonn_000014_000019_leftImg8bit,leftImg8bit,1,1,1,1,1
703,bonn_000015_000019_leftImg8bit,leftImg8bit,0,1,0,0,0
704,bonn_000016_000019_leftImg8bit,leftImg8bit,0,1,0,0,1
705,bonn_000017_000019_leftImg8bit,leftImg8bit,0,0,1,1,0
706,bonn_000018_000019_leftImg8bit,leftImg8bit,0,1,0,3,1
707,bonn_000019_000019_leftImg8bit,leftImg8bit,1,0,0,1,1
708,bonn_000020_000019_leftImg8bit,leftImg8bit,1,0,0,1,0
709,bonn_000021_000019_leftImg8bit,leftImg8bit,1,0,1,2,1
710,bonn_000022_000019_leftImg8bit,leftImg8bit,0,1,0,5,0
711,bonn_000023_000019_leftImg8bit,leftImg8bit,0,0,0,1,1
712,bonn_000024_000019_leftImg8bit,leftImg8bit,1,0,0,1,1
713,bonn_000025_000019_leftImg8bit,leftImg8bit,0,1,1,4,0
714,bonn_000026_000019_leftImg8bit,leftImg8bit,1,0,1,0,1
715,bonn_000027_000019_leftImg8bit,leftImg8bit,0,0,1,6,0
716,bonn_000028_000019_leftImg8bit,leftImg8bit,1,1,0,5,0
717,bonn_000029_000019_leftImg8bit,leftImg8bit,0,1,1,4,0
718,bonn_000030_000019_leftImg8bit,leftImg8bit,1,1,1,2,0
719,bonn_000031_000019_leftImg8bit,leftImg8bit,1,0,0,6,0
720,bonn_000032_000019_leftImg8bit,leftImg8bit,0,1,0,3,1
721,bonn_000033_000019_leftImg8bit,leftImg8bit,1,1,0,2,1
722,bonn_000034_000019_leftImg8bit,leftImg8bit,0,1,1,6,0
723,bonn_000035_000019_leftImg8bit,leftImg8bit,1,0,0,1,1
724,bonn_000037_000019_leftImg8bit,leftImg8bit,1,0,0,3,0
725,bonn_000038_000019_leftImg8bit,leftImg8bit,1,0,0,6,0
726,bonn_000039_000019_leftImg8bit,leftImg8bit,1,0,0,0,0
727,bonn_000040_000019_leftImg8bit,leftImg8bit,1,0,1,6,1
728,bonn_000041_000019_leftImg8bit,leftImg8bit,1,0,0,1,1
729,bonn_000042_000019_leftImg8bit,leftImg8bit,1,1,1,6,1
730,bonn_000043_000019_leftImg8bit,leftImg8bit,1,0,1,1,0
731,bonn_000044_000019_leftImg8bit,leftImg8bit,0,0,0,2,0
732,bonn_000045_000019_leftImg8bit,leftImg8bit,1,0,0,3,0
733,leverkusen_000000_000019_leftImg8bit,leftImg8bit,0,1,0,4,0
734,leverkusen_000001_000019_leftImg8bit,leftImg8bit,1,0,1,0,0
735,leverkusen_000002_000019_leftImg8bit,leftImg8bit,1,0,0,3,1
736,leverkusen_000003_000019_leftImg8bit,leftImg8bit,0,0,0,2,1
737,leverkusen_000004_000019_leftImg8bit,leftImg8bit,0,1,1,6,1
738,leverkusen_000005_000019_leftImg8bit,leftImg8bit,1,1,1,1,0
739,leverkusen_000006_000019_leftImg8bit,leftImg8bit,1,0,0,6,1
740,leverkusen_000008_000019_leftImg8bit,leftImg8bit,1,0,0,0,0
741,leverkusen_000009_000019_leftImg8bit,leftImg8bit,0,0,0,2,1
742,leverkusen_000010_000019_leftImg8bit,leftImg8bit,0,1,0,1,0
743,leverkusen_000011_000019_leftImg8bit,leftImg8bit,1,1,0,0,0
744,leverkusen_000012_000019_leftImg8bit,leftImg8bit,0,0,1,3,0
745,leverkusen_000013_000019_leftImg8bit,leftImg8bit,1,0,0,4,0
746,leverkusen_000014_000019_leftImg8bit,leftImg8bit,1,1,1,1,1
747,leverkusen_000016_000019_leftImg8bit,leftImg8bit,0,1,1,6,1
748,leverkusen_000017_000019_leftImg8bit,leftImg8bit,1,1,0,1,1
749,leverkusen_000018_000019_leftImg8bit,leftImg8bit,0,1,0,3,0
750,leverkusen_000020_000019_leftImg8bit,leftImg8bit,0,0,0,6,0
751,leverkusen_000021_000019_leftImg8bit,leftImg8bit,1,0,1,6,1
752,leverkusen_000023_000019_leftImg8bit,leftImg8bit,0,0,0,3,0
753,leverkusen_000024_000019_leftImg8bit,leftImg8bit,0,0,0,0,1
754,leverkusen_000026_000019_leftImg8bit,leftImg8bit,0,0,1,2,0
755,leverkusen_000027_000019_leftImg8bit,leftImg8bit,0,0,1,1,0
756,leverkusen_000028_000019_leftImg8bit,leftImg8bit,1,0,1,1,1
757,leverkusen_000029_000019_leftImg8bit,leftImg8bit,0,0,0,3,0
758,leverkusen_000030_000019_leftImg8bit,leftImg8bit,0,0,1,6,0
759,leverkusen_000031_000019_leftImg8bit,leftImg8bit,1,0,0,1,0
760,leverkusen_000032_000019_leftImg8bit,leftImg8bit,1,1,0,1,1
761,leverkusen_000033_000019_leftImg8bit,leftImg8bit,0,1,0,1,0
762,leverkusen_000034_000019_leftImg8bit,leftImg8bit,0,0,0,6,1
763,leverkusen_000035_000019_leftImg8bit,leftImg8bit,1,1,1,0,1
764,leverkusen_000036_000019_leftImg8bit,leftImg8bit,1,0,1,6,0
765,leverkusen_000037_000019_leftImg8bit,leftImg8bit,1,0,0,3,0
766,leverkusen_000038_000019_leftImg8bit,leftImg8bit,1,0,0,0,1
767,leverkusen_000039_000019_leftImg8bit,leftImg8bit,1,0,0,6,0
768,leverkusen_000040_000019_leftImg8bit,leftImg8bit,0,0,1,4,0
769,leverkusen_000041_000019_leftImg8bit,leftImg8bit,0,0,1,4,0
770,leverkusen_000042_000019_leftImg8bit,leftImg8bit,0,1,1,6,0
771,leverkusen_000043_000019_leftImg8bit,leftImg8bit,0,0,0,4,0
772,leverkusen_000044_000019_leftImg8bit,leftImg8bit,1,1,0,2,1
773,leverkusen_000046_000019_leftImg8bit,leftImg8bit,1,1,1,2,1
774,leverkusen_000047_000019_leftImg8bit,leftImg8bit,0,1,0,1,0
775,leverkusen_000048_000019_leftImg8bit,leftImg8bit,0,0,1,4,0
776,leverkusen_000049_000019_leftImg8bit,leftImg8bit,0,1,0,3,0
777,leverkusen_000050_000019_leftImg8bit,leftImg8bit,0,1,1,3,1
778,leverkusen_000051_000019_leftImg8bit,leftImg8bit,0,0,0,6,0
779,leverkusen_000052_000019_leftImg8bit,leftImg8bit,1,0,1,3,1
780,leverkusen_000053_000019_leftImg8bit,leftImg8bit,1,1,1,1,1
781,leverkusen_000054_000019_leftImg8bit,leftImg8bit,0,1,0,6,0
782,leverkusen_000055_000019_leftImg8bit,leftImg8bit,1,1,0,3,0
783,leverkusen_000056_000019_leftImg8bit,leftImg8bit,1,0,0,2,0
784,leverkusen_000057_000019_leftImg8bit,leftImg8bit,0,0,1,2,1
785,mainz_000000_000093_leftImg8bit,leftImg8bit,0,0,0,3,0
786,mainz_000000_000293_leftImg8bit,leftImg8bit,0,0,1,4,0
787,mainz_000000_001003_leftImg8bit,leftImg8bit,0,0,1,4,1
788,mainz_000000_001068_leftImg8bit,leftImg8bit,1,1,0,0,1
789,mainz_000000_001265_leftImg8bit,leftImg8bit,1,1,0,0,1
790,mainz_000000_001410_leftImg8bit,leftImg8bit,0,0,1,6,0
791,mainz_000000_001601_leftImg8bit,leftImg8bit,0,1,0,3,1
792,mainz_000000_001857_leftImg8bit,leftImg8bit,0,1,1,3,1
793,mainz_000000_002212_leftImg8bit,leftImg8bit,1,0,1,4,0
794,mainz_000000_002353_leftImg8bit,leftImg8bit,0,1,1,2,0
795,mainz_000000_003049_leftImg8bit,leftImg8bit,0,0,0,2,0
796,mainz_000000_003250_leftImg8bit,leftImg8bit,1,0,0,0,1
797,mainz_000000_003506_leftImg8bit,leftImg8bit,1,0,0,6,1
798,mainz_000000_003619_leftImg8bit,leftImg8bit,1,1,0,3,1
799,mainz_000000_004000_leftImg8bit,leftImg8bit,0,0,1,6,0
800,mainz_000000_004237_leftImg8bit,leftImg8bit,1,0,1,6,0
801,mainz_000000_004542_leftImg8bit,leftImg8bit,1,0,0,0,1
802,mainz_000000_004740_leftImg8bit,leftImg8bit,0,0,1,6,0
803,mainz_000000_005403_leftImg8bit,leftImg8bit,1,0,0,6,0
804,mainz_000000_005549_leftImg8bit,leftImg8bit,0,1,0,0,0
805,mainz_000000_005817_leftImg8bit,leftImg8bit,0,1,0,3,0
806,mainz_000000_006141_leftImg8bit,leftImg8bit,0,0,1,6,1
807,mainz_000000_006263_leftImg8bit,leftImg8bit,0,1,1,1,0
808,mainz_000000_006368_leftImg8bit,leftImg8bit,1,1,1,4,1
809,mainz_000000_006649_leftImg8bit,leftImg8bit,1,1,0,4,0
810,mainz_000000_007415_leftImg8bit,leftImg8bit,1,1,0,6,0
811,mainz_000000_007813_leftImg8bit,leftImg8bit,0,1,0,0,1
812,mainz_000000_008001_leftImg8bit,leftImg8bit,1,0,0,3,0
813,mainz_000000_008165_leftImg8bit,leftImg8bit,0,0,0,1,0
814,mainz_000000_008509_leftImg8bit,leftImg8bit,1,1,0,0,0
815,mainz_000000_008645_leftImg8bit,leftImg8bit,1,1,0,2,0
816,mainz_000000_008871_leftImg8bit,leftImg8bit,0,0,0,6,0
817,mainz_000000_009751_leftImg8bit,leftImg8bit,0,1,0,2,1
818,mainz_000000_009985_leftImg8bit,leftImg8bit,0,0,1,3,0
819,mainz_000000_010171_leftImg8bit,leftImg8bit,1,1,0,1,0
820,mainz_000000_010417_leftImg8bit,leftImg8bit,0,0,0,4,1
821,mainz_000000_010550_leftImg8bit,leftImg8bit,1,0,0,2,1
822,mainz_000000_011339_leftImg8bit,leftImg8bit,0,0,1,4,0
823,mainz_000000_011879_leftImg8bit,leftImg8bit,1,0,0,6,0
824,mainz_000000_012392_leftImg8bit,leftImg8bit,1,1,1,6,0
825,mainz_000000_012737_leftImg8bit,leftImg8bit,1,0,0,2,1
826,mainz_000000_013095_leftImg8bit,leftImg8bit,0,0,0,6,0
827,mainz_000000_013437_leftImg8bit,leftImg8bit,0,1,0,2,0
828,mainz_000000_013671_leftImg8bit,leftImg8bit,1,1,1,6,0
829,mainz_000000_013960_leftImg8bit,leftImg8bit,0,1,1,1,1
830,mainz_000000_014193_leftImg8bit,leftImg8bit,0,1,0,3,1
831,mainz_000000_014742_leftImg8bit,leftImg8bit,0,1,1,6,0
832,mainz_000000_015052_leftImg8bit,leftImg8bit,1,1,0,1,1
833,mainz_000000_015170_leftImg8bit,leftImg8bit,0,0,1,4,0
834,mainz_000000_015760_leftImg8bit,leftImg8bit,0,1,0,3,0
835,mainz_000000_016083_leftImg8bit,leftImg8bit,0,1,0,0,1
836,mainz_000000_016281_leftImg8bit,leftImg8bit,1,0,0,4,1
837,mainz_000000_016612_leftImg8bit,leftImg8bit,1,1,0,3,1
838,mainz_000000_016651_leftImg8bit,leftImg8bit,0,0,1,4,0
839,mainz_000000_016915_leftImg8bit,leftImg8bit,1,0,0,1,0
840,mainz_000000_017927_leftImg8bit,leftImg8bit,0,0,0,2,1
841,mainz_000000_018249_leftImg8bit,leftImg8bit,0,1,0,6,0
842,mainz_000000_018883_leftImg8bit,leftImg8bit,1,1,0,0,0
843,mainz_000000_019043_leftImg8bit,leftImg8bit,1,1,1,4,0
844,mainz_000000_019227_leftImg8bit,leftImg8bit,1,0,1,6,0
845,mainz_000000_019439_leftImg8bit,leftImg8bit,0,1,1,0,0
846,mainz_000000_019686_leftImg8bit,leftImg8bit,1,1,1,2,1
847,mainz_000000_019847_leftImg8bit,leftImg8bit,1,1,1,4,1
848,mainz_000000_020139_leftImg8bit,leftImg8bit,1,0,1,6,0
849,mainz_000000_020415_leftImg8bit,leftImg8bit,1,1,0,3,1
850,mainz_000000_021457_leftImg8bit,leftImg8bit,0,1,1,4,0
851,mainz_000000_021524_leftImg8bit,leftImg8bit,1,1,0,3,0
852,mainz_000000_021735_leftImg8bit,leftImg8bit,1,0,1,0,1
853,mainz_000000_021833_leftImg8bit,leftImg8bit,1,0,1,4,1
854,mainz_000000_022091_leftImg8bit,leftImg8bit,0,1,1,2,0
855,mainz_000000_022417_leftImg8bit,leftImg8bit,0,1,1,3,1
856,mainz_000001_000120_leftImg8bit,leftImg8bit,0,1,0,4,1
857,mainz_000001_000428_leftImg8bit,leftImg8bit,0,0,1,4,1
858,mainz_000001_001509_leftImg8bit,leftImg8bit,0,0,0,6,0
859,mainz_000001_002033_leftImg8bit,leftImg8bit,0,0,0,2,0
860,mainz_000001_002543_leftImg8bit,leftImg8bit,0,1,0,0,0
861,mainz_000001_003012_leftImg8bit,leftImg8bit,1,1,1,2,0
862,mainz_000001_003624_leftImg8bit,leftImg8bit,1,0,1,4,1
863,mainz_000001_003702_leftImg8bit,leftImg8bit,0,1,1,1,1
864,mainz_000001_003907_leftImg8bit,leftImg8bit,0,0,0,2,0
865,mainz_000001_004132_leftImg8bit,leftImg8bit,1,0,0,2,1
866,mainz_000001_004219_leftImg8bit,leftImg8bit,1,0,1,6,1
867,mainz_000001_005016_leftImg8bit,leftImg8bit,1,1,1,3,0
868,mainz_000001_005163_leftImg8bit,leftImg8bit,1,1,1,0,0
869,mainz_000001_005366_leftImg8bit,leftImg8bit,1,1,1,3,0
870,mainz_000001_005665_leftImg8bit,leftImg8bit,0,0,0,6,0
871,mainz_000001_005815_leftImg8bit,leftImg8bit,1,1,0,3,0
872,mainz_000001_005911_leftImg8bit,leftImg8bit,1,0,1,4,0
873,mainz_000001_006194_leftImg8bit,leftImg8bit,0,0,1,4,0
874,mainz_000001_006768_leftImg8bit,leftImg8bit,1,1,0,0,1
875,mainz_000001_007171_leftImg8bit,leftImg8bit,0,0,1,0,1
876,mainz_000001_007460_leftImg8bit,leftImg8bit,1,1,0,3,1
877,mainz_000001_007595_leftImg8bit,leftImg8bit,0,0,0,0,0
878,mainz_000001_007956_leftImg8bit,leftImg8bit,0,0,1,3,1
879,mainz_000001_008056_leftImg8bit,leftImg8bit,1,0,0,4,0
880,mainz_000001_008264_leftImg8bit,leftImg8bit,1,1,0,1,0
881,mainz_000001_008540_leftImg8bit,leftImg8bit,1,0,1,1,1
882,mainz_000001_009152_leftImg8bit,leftImg8bit,1,1,1,4,0
883,mainz_000001_009328_leftImg8bit,leftImg8bit,0,0,0,6,0
884,mainz_000001_009811_leftImg8bit,leftImg8bit,0,0,1,1,0
885,mainz_000001_009867_leftImg8bit,leftImg8bit,0,1,0,2,0
886,mainz_000001_009996_leftImg8bit,leftImg8bit,1,0,0,2,1
887,mainz_000001_010853_leftImg8bit,leftImg8bit,1,1,1,6,0
888,mainz_000001_011333_leftImg8bit,leftImg8bit,0,1,1,3,0
889,mainz_000001_011736_leftImg8bit,leftImg8bit,0,1,1,6,0
890,mainz_000001_011785_leftImg8bit,leftImg8bit,1,1,1,2,0
891,mainz_000001_012186_leftImg8bit,leftImg8bit,1,0,0,4,1
892,mainz_000001_012470_leftImg8bit,leftImg8bit,1,1,1,1,0
893,mainz_000001_012541_leftImg8bit,leftImg8bit,1,0,1,6,0
894,mainz_000001_012644_leftImg8bit,leftImg8bit,1,1,1,6,1
895,mainz_000001_012950_leftImg8bit,leftImg8bit,0,0,1,4,1
896,mainz_000001_013313_leftImg8bit,leftImg8bit,1,0,0,6,1
897,mainz_000001_014073_leftImg8bit,leftImg8bit,1,0,0,1,0
898,mainz_000001_014469_leftImg8bit,leftImg8bit,1,1,1,6,0
899,mainz_000001_014626_leftImg8bit,leftImg8bit,0,1,0,0,0
900,mainz_000001_015235_leftImg8bit,leftImg8bit,1,0,0,6,0
901,mainz_000001_015508_leftImg8bit,leftImg8bit,1,1,1,2,0
902,mainz_000001_015724_leftImg8bit,leftImg8bit,0,1,0,2,1
903,mainz_000001_016011_leftImg8bit,leftImg8bit,0,1,1,1,1
904,mainz_000001_016391_leftImg8bit,leftImg8bit,0,1,0,3,1
905,mainz_000001_016931_leftImg8bit,leftImg8bit,1,1,0,5,1
906,mainz_000001_017618_leftImg8bit,leftImg8bit,1,1,0,6,1
907,mainz_000001_017992_leftImg8bit,leftImg8bit,0,0,1,6,0
908,mainz_000001_018145_leftImg8bit,leftImg8bit,1,1,0,3,1
909,mainz_000001_018329_leftImg8bit,leftImg8bit,1,0,0,1,0
910,mainz_000001_018670_leftImg8bit,leftImg8bit,1,1,0,4,1
911,mainz_000001_018817_leftImg8bit,leftImg8bit,0,1,1,2,1
912,mainz_000001_019061_leftImg8bit,leftImg8bit,1,1,1,1,1
913,mainz_000001_019286_leftImg8bit,leftImg8bit,1,0,1,4,0
914,mainz_000001_019593_leftImg8bit,leftImg8bit,1,1,1,4,1
915,mainz_000001_020068_leftImg8bit,leftImg8bit,1,0,1,6,0
916,mainz_000001_020193_leftImg8bit,leftImg8bit,1,1,0,1,0
917,mainz_000001_020484_leftImg8bit,leftImg8bit,0,1,0,3,1
918,mainz_000001_020829_leftImg8bit,leftImg8bit,0,1,0,4,0
919,mainz_000001_021042_leftImg8bit,leftImg8bit,0,1,0,1,1
920,mainz_000001_021547_leftImg8bit,leftImg8bit,1,0,1,1,0
921,mainz_000001_021892_leftImg8bit,leftImg8bit,0,0,0,4,0
922,mainz_000001_021946_leftImg8bit,leftImg8bit,1,0,0,6,0
923,mainz_000001_022630_leftImg8bit,leftImg8bit,0,1,1,6,0
924,mainz_000001_023439_leftImg8bit,leftImg8bit,0,0,1,6,0
925,mainz_000001_023604_leftImg8bit,leftImg8bit,1,1,1,1,1
926,mainz_000001_024439_leftImg8bit,leftImg8bit,1,0,1,6,0
927,mainz_000001_024489_leftImg8bit,leftImg8bit,0,0,1,1,0
928,mainz_000001_024718_leftImg8bit,leftImg8bit,1,0,1,6,1
929,mainz_000001_025161_leftImg8bit,leftImg8bit,1,0,0,6,1
930,mainz_000001_025390_leftImg8bit,leftImg8bit,0,0,1,4,0
931,mainz_000001_025623_leftImg8bit,leftImg8bit,0,1,1,5,0
932,mainz_000001_026209_leftImg8bit,leftImg8bit,1,0,1,3,1
933,mainz_000001_026837_leftImg8bit,leftImg8bit,0,0,0,6,0
934,mainz_000001_026963_leftImg8bit,leftImg8bit,0,1,1,2,0
935,mainz_000001_027053_leftImg8bit,leftImg8bit,0,1,0,0,1
936,mainz_000001_027124_leftImg8bit,leftImg8bit,0,0,1,4,0
937,mainz_000001_027377_leftImg8bit,leftImg8bit,0,0,0,6,0
938,mainz_000001_027675_leftImg8bit,leftImg8bit,0,0,0,6,0
939,mainz_000001_027751_leftImg8bit,leftImg8bit,0,0,1,6,0
940,mainz_000001_028111_leftImg8bit,leftImg8bit,0,1,0,1,1
941,mainz_000001_028326_leftImg8bit,leftImg8bit,0,1,1,0,0
942,mainz_000001_028566_leftImg8bit,leftImg8bit,1,0,1,6,1
943,mainz_000001_028847_leftImg8bit,leftImg8bit,0,1,1,4,0
944,mainz_000001_029293_leftImg8bit,leftImg8bit,1,1,0,1,1
945,mainz_000001_029521_leftImg8bit,leftImg8bit,1,0,0,6,0
946,mainz_000001_029755_leftImg8bit,leftImg8bit,1,0,1,6,0
947,mainz_000001_029950_leftImg8bit,leftImg8bit,0,0,1,0,0
948,mainz_000001_030417_leftImg8bit,leftImg8bit,1,0,0,1,1
949,mainz_000001_030630_leftImg8bit,leftImg8bit,1,0,0,2,1
950,mainz_000001_031350_leftImg8bit,leftImg8bit,1,0,1,6,0
951,mainz_000001_031697_leftImg8bit,leftImg8bit,0,1,0,1,1
952,mainz_000001_031946_leftImg8bit,leftImg8bit,1,1,1,2,0
953,mainz_000001_032294_leftImg8bit,leftImg8bit,1,1,0,1,1
954,mainz_000001_032401_leftImg8bit,leftImg8bit,0,1,0,4,0
955,mainz_000001_032567_leftImg8bit,leftImg8bit,0,1,1,0,0
956,mainz_000001_032691_leftImg8bit,leftImg8bit,0,1,0,6,1
957,mainz_000001_032767_leftImg8bit,leftImg8bit,0,1,1,4,0
958,mainz_000001_032911_leftImg8bit,leftImg8bit,0,0,0,1,0
959,mainz_000001_033096_leftImg8bit,leftImg8bit,0,0,0,6,0
960,mainz_000001_033329_leftImg8bit,leftImg8bit,0,0,0,6,0
961,mainz_000001_033437_leftImg8bit,leftImg8bit,1,0,0,2,0
962,mainz_000001_033603_leftImg8bit,leftImg8bit,0,1,0,2,0
963,mainz_000001_033756_leftImg8bit,leftImg8bit,1,1,0,6,1
964,mainz_000001_034033_leftImg8bit,leftImg8bit,0,0,0,4,0
965,mainz_000001_034209_leftImg8bit,leftImg8bit,1,0,1,6,0
966,mainz_000001_034394_leftImg8bit,leftImg8bit,1,0,0,6,0
967,mainz_000001_034508_leftImg8bit,leftImg8bit,0,0,1,6,0
968,mainz_000001_034681_leftImg8bit,leftImg8bit,1,1,1,0,0
969,mainz_000001_035293_leftImg8bit,leftImg8bit,0,0,0,1,0
970,mainz_000001_035585_leftImg8bit,leftImg8bit,1,1,1,3,1
971,mainz_000001_035963_leftImg8bit,leftImg8bit,0,0,1,6,0
972,mainz_000001_036115_leftImg8bit,leftImg8bit,0,1,0,2,0
973,mainz_000001_036240_leftImg8bit,leftImg8bit,1,0,1,4,0
974,mainz_000001_036412_leftImg8bit,leftImg8bit,0,0,1,4,0
975,mainz_000001_037170_leftImg8bit,leftImg8bit,0,0,1,6,0
976,mainz_000001_037411_leftImg8bit,leftImg8bit,0,0,0,6,0
977,mainz_000001_037532_leftImg8bit,leftImg8bit,1,1,1,2,1
978,mainz_000001_037736_leftImg8bit,leftImg8bit,1,0,1,2,1
979,mainz_000001_037905_leftImg8bit,leftImg8bit,1,0,1,6,1
980,mainz_000001_038026_leftImg8bit,leftImg8bit,0,1,1,1,1
981,mainz_000001_038191_leftImg8bit,leftImg8bit,0,1,0,3,1
982,mainz_000001_038347_leftImg8bit,leftImg8bit,0,1,0,0,1
983,mainz_000001_038768_leftImg8bit,leftImg8bit,0,0,1,4,0
984,mainz_000001_038955_leftImg8bit,leftImg8bit,0,0,1,6,0
985,mainz_000001_039075_leftImg8bit,leftImg8bit,0,0,1,4,0
986,mainz_000001_039470_leftImg8bit,leftImg8bit,1,1,0,6,1
987,mainz_000001_039943_leftImg8bit,leftImg8bit,1,0,1,6,0
988,mainz_000001_040195_leftImg8bit,leftImg8bit,1,1,0,2,1
989,mainz_000001_040367_leftImg8bit,leftImg8bit,1,1,0,4,0
990,mainz_000001_040839_leftImg8bit,leftImg8bit,0,0,1,2,0
991,mainz_000001_041172_leftImg8bit,leftImg8bit,0,0,0,6,0
992,mainz_000001_041284_leftImg8bit,leftImg8bit,1,0,1,4,0
993,mainz_000001_041647_leftImg8bit,leftImg8bit,1,0,0,2,0
994,mainz_000001_041797_leftImg8bit,leftImg8bit,1,0,1,1,1
995,mainz_000001_041887_leftImg8bit,leftImg8bit,1,1,0,6,0
996,mainz_000001_041923_leftImg8bit,leftImg8bit,0,1,0,0,1
997,mainz_000001_042121_leftImg8bit,leftImg8bit,0,0,0,6,0
998,mainz_000001_042400_leftImg8bit,leftImg8bit,1,1,0,0,0
999,mainz_000001_042851_leftImg8bit,leftImg8bit,0,0,0,4,0
1000,mainz_000001_043656_leftImg8bit,leftImg8bit,0,1,1,2,0
1001,mainz_000001_043886_leftImg8bit,leftImg8bit,0,0,0,4,0
1002,mainz_000001_044366_leftImg8bit,leftImg8bit,1,0,0,1,0
1003,mainz_000001_044619_leftImg8bit,leftImg8bit,0,0,0,6,0
1004,mainz_000001_045197_leftImg8bit,leftImg8bit,1,1,0,6,1
1005,mainz_000001_045385_leftImg8bit,leftImg8bit,0,1,1,6,0
1006,mainz_000001_045651_leftImg8bit,leftImg8bit,0,0,1,2,1
1007,mainz_000001_045782_leftImg8bit,leftImg8bit,1,1,0,6,1
1008,mainz_000001_046381_leftImg8bit,leftImg8bit,0,0,0,6,0
1009,mainz_000001_046981_leftImg8bit,leftImg8bit,0,0,0,6,0
1010,mainz_000001_047546_leftImg8bit,leftImg8bit,0,0,0,6,1
1011,mainz_000001_047611_leftImg8bit,leftImg8bit,0,1,0,3,1
1012,mainz_000001_047888_leftImg8bit,leftImg8bit,1,1,0,3,1
1013,mainz_000001_048725_leftImg8bit,leftImg8bit,1,0,0,5,0
1014,mainz_000002_000061_leftImg8bit,leftImg8bit,0,1,1,1,1
1015,mainz_000002_000181_leftImg8bit,leftImg8bit,1,1,1,0,0
1016,mainz_000002_000381_leftImg8bit,leftImg8bit,1,0,1,1,0
1017,mainz_000002_000912_leftImg8bit,leftImg8bit,1,1,0,4,1
1018,mainz_000002_001747_leftImg8bit,leftImg8bit,1,1,0,1,1
1019,mainz_000002_001871_leftImg8bit,leftImg8bit,1,0,1,4,0
1020,mainz_000002_002279_leftImg8bit,leftImg8bit,0,1,1,2,0
1021,mainz_000003_000043_leftImg8bit,leftImg8bit,1,0,0,6,0
1022,mainz_000003_000968_leftImg8bit,leftImg8bit,1,0,1,6,1
1023,mainz_000003_001465_leftImg8bit,leftImg8bit,1,0,0,4,0
1024,mainz_000003_001694_leftImg8bit,leftImg8bit,1,0,0,6,0
1025,mainz_000003_001899_leftImg8bit,leftImg8bit,0,1,0,6,0
1026,mainz_000003_003042_leftImg8bit,leftImg8bit,1,1,1,2,1
1027,mainz_000003_003455_leftImg8bit,leftImg8bit,1,1,1,0,0
1028,mainz_000003_003558_leftImg8bit,leftImg8bit,0,1,0,4,0
1029,mainz_000003_003711_leftImg8bit,leftImg8bit,1,0,0,6,0
1030,mainz_000003_003791_leftImg8bit,leftImg8bit,1,0,0,1,0
1031,mainz_000003_003942_leftImg8bit,leftImg8bit,1,1,1,3,1
1032,mainz_000003_004144_leftImg8bit,leftImg8bit,0,0,0,2,1
1033,mainz_000003_004228_leftImg8bit,leftImg8bit,1,0,0,2,0
1034,mainz_000003_004576_leftImg8bit,leftImg8bit,0,0,1,6,0
1035,mainz_000003_004774_leftImg8bit,leftImg8bit,0,0,1,6,0
1036,mainz_000003_004883_leftImg8bit,leftImg8bit,0,1,1,3,0
1037,mainz_000003_005029_leftImg8bit,leftImg8bit,0,0,0,3,1
1038,mainz_000003_005088_leftImg8bit,leftImg8bit,0,0,1,1,1
1039,mainz_000003_005162_leftImg8bit,leftImg8bit,1,1,1,1,0
1040,mainz_000003_006478_leftImg8bit,leftImg8bit,0,1,1,0,0
1041,mainz_000003_006863_leftImg8bit,leftImg8bit,0,1,0,1,1
1042,mainz_000003_007024_leftImg8bit,leftImg8bit,1,1,1,3,0
1043,mainz_000003_007144_leftImg8bit,leftImg8bit,0,0,1,0,0
1044,mainz_000003_007255_leftImg8bit,leftImg8bit,0,1,0,1,1
1045,mainz_000003_007701_leftImg8bit,leftImg8bit,1,1,0,6,0
1046,mainz_000003_008258_leftImg8bit,leftImg8bit,0,0,0,6,0
1047,mainz_000003_008690_leftImg8bit,leftImg8bit,1,0,1,1,1
1048,mainz_000003_008876_leftImg8bit,leftImg8bit,0,0,0,1,0
1049,mainz_000003_009819_leftImg8bit,leftImg8bit,0,1,0,0,1
1050,mainz_000003_010019_leftImg8bit,leftImg8bit,0,1,1,6,1
1051,mainz_000003_010772_leftImg8bit,leftImg8bit,1,0,1,4,0
1052,mainz_000003_010880_leftImg8bit,leftImg8bit,1,1,0,1,1
1053,mainz_000003_010924_leftImg8bit,leftImg8bit,0,0,0,4,0
1054,mainz_000003_011182_leftImg8bit,leftImg8bit,0,1,0,3,1
1055,mainz_000003_011352_leftImg8bit,leftImg8bit,0,1,0,3,1
1056,mainz_000003_011949_leftImg8bit,leftImg8bit,0,1,0,6,0
1057,mainz_000003_012168_leftImg8bit,leftImg8bit,0,0,0,6,0
1058,mainz_000003_012341_leftImg8bit,leftImg8bit,0,1,0,0,0
1059,mainz_000003_012995_leftImg8bit,leftImg8bit,0,1,1,4,0
1060,mainz_000003_013348_leftImg8bit,leftImg8bit,1,1,1,3,0
1061,mainz_000003_013983_leftImg8bit,leftImg8bit,1,1,1,6,1
1062,mainz_000003_014083_leftImg8bit,leftImg8bit,0,0,0,6,0
1063,mainz_000003_014319_leftImg8bit,leftImg8bit,1,0,0,6,1
1064,mainz_000003_014457_leftImg8bit,leftImg8bit,0,0,1,6,0
1065,mainz_000003_014537_leftImg8bit,leftImg8bit,1,1,0,2,1
1066,mainz_000003_014959_leftImg8bit,leftImg8bit,0,1,0,6,1
1067,mainz_000003_015411_leftImg8bit,leftImg8bit,1,1,1,6,1
1068,mainz_000003_015649_leftImg8bit,leftImg8bit,0,0,1,6,0
1069,mainz_000003_015917_leftImg8bit,leftImg8bit,0,0,0,6,0
1070,mainz_000003_016360_leftImg8bit,leftImg8bit,1,0,0,6,1
1071,mainz_000003_016542_leftImg8bit,leftImg8bit,1,1,0,2,1
1072,mainz_000003_016708_leftImg8bit,leftImg8bit,0,0,0,6,0
1073,mainz_000003_016877_leftImg8bit,leftImg8bit,1,1,0,3,0
1074,mainz_000003_017171_leftImg8bit,leftImg8bit,1,1,0,6,1
1075,munich_000000_000019_leftImg8bit,leftImg8bit,0,1,0,3,0
1076,munich_000001_000019_leftImg8bit,leftImg8bit,0,0,0,1,1
1077,munich_000002_000019_leftImg8bit,leftImg8bit,1,0,0,6,1
1078,munich_000003_000019_leftImg8bit,leftImg8bit,1,0,0,6,1
1079,munich_000004_000019_leftImg8bit,leftImg8bit,0,0,1,6,0
1080,munich_000005_000019_leftImg8bit,leftImg8bit,0,0,0,0,0
1081,munich_000006_000019_leftImg8bit,leftImg8bit,0,0,0,6,0
1082,munich_000007_000019_leftImg8bit,leftImg8bit,1,1,0,3,1
1083,munich_000008_000019_leftImg8bit,leftImg8bit,0,1,1,3,0
1084,munich_000009_000019_leftImg8bit,leftImg8bit,1,1,0,3,0
1085,munich_000010_000019_leftImg8bit,leftImg8bit,0,1,1,2,1
1086,munich_000011_000019_leftImg8bit,leftImg8bit,1,0,0,1,0
1087,munich_000012_000019_leftImg8bit,leftImg8bit,0,1,1,2,0
1088,munich_000013_000019_leftImg8bit,leftImg8bit,0,1,0,0,1
1089,munich_000014_000019_leftImg8bit,leftImg8bit,0,0,0,6,0
1090,munich_000015_000019_leftImg8bit,leftImg8bit,0,0,1,6,0
1091,munich_000016_000019_leftImg8bit,leftImg8bit,1,1,1,2,0
1092,munich_000017_000019_leftImg8bit,leftImg8bit,1,0,0,6,1
1093,munich_000018_000019_leftImg8bit,leftImg8bit,1,1,1,1,0
1094,munich_000019_000019_leftImg8bit,leftImg8bit,1,0,0,1,0
1095,munich_000020_000019_leftImg8bit,leftImg8bit,0,1,0,1,1
1096,munich_000021_000019_leftImg8bit,leftImg8bit,0,0,0,6,0
1097,munich_000022_000019_leftImg8bit,leftImg8bit,0,0,0,4,0
1098,munich_000023_000019_leftImg8bit,leftImg8bit,0,1,0,3,0
1099,munich_000024_000019_leftImg8bit,leftImg8bit,1,0,0,1,0
1100,munich_000025_000019_leftImg8bit,leftImg8bit,1,0,0,0,1
1101,munich_000026_000019_leftImg8bit,leftImg8bit,0,0,1,6,0
1102,munich_000027_000019_leftImg8bit,leftImg8bit,0,0,0,6,0
1103,munich_000028_000019_leftImg8bit,leftImg8bit,0,0,0,1,0
1104,munich_000029_000019_leftImg8bit,leftImg8bit,1,0,1,1,0
1105,munich_000030_000019_leftImg8bit,leftImg8bit,1,1,1,4,0
1106,munich_000031_000019_leftImg8bit,leftImg8bit,1,0,0,0,1
1107,munich_000032_000019_leftImg8bit,leftImg8bit,1,1,0,4,1
1108,munich_000033_000019_leftImg8bit,leftImg8bit,1,1,0,6,1
1109,munich_000034_000019_leftImg8bit,leftImg8bit,0,0,1,6,0
1110,munich_000035_000019_leftImg8bit,leftImg8bit,1,0,1,1,0
1111,munich_000036_000019_leftImg8bit,leftImg8bit,1,0,0,6,0
1112,munich_000037_000019_leftImg8bit,leftImg8bit,1,1,0,2,1
1113,munich_000038_000019_leftImg8bit,leftImg8bit,1,0,0,1,1
1114,munich_000039_000019_leftImg8bit,leftImg8bit,0,0,0,6,0
1115,munich_000040_000019_leftImg8bit,leftImg8bit,1,0,1,4,1
1116,munich_000041_000019_leftImg8bit,leftImg8bit,1,1,0,3,1
1117,munich_000042_000019_leftImg8bit,leftImg8bit,1,0,0,0,0
1118,munich_000043_000019_leftImg8bit,leftImg8bit,1,1,0,6,0
1119,munich_000044_000019_leftImg8bit,leftImg8bit,1,0,0,6,1
1120,munich_000045_000019_leftImg8bit,leftImg8bit,1,1,1,4,1
1121,munich_000046_000019_leftImg8bit,leftImg8bit,1,0,1,6,0
1122,munich_000047_000019_leftImg8bit,leftImg8bit,0,1,0,3,1
1123,munich_000048_000019_leftImg8bit,leftImg8bit,0,0,1,1,0
1124,munich_000049_000019_leftImg8bit,leftImg8bit,1,1,1,3,0
1125,munich_000050_000019_leftImg8bit,leftImg8bit,0,0,0,6,0
1126,munich_000051_000019_leftImg8bit,leftImg8bit,1,0,0,6,0
1127,munich_000052_000019_leftImg8bit,leftImg8bit,1,0,1,6,0
1128,munich_000053_000019_leftImg8bit,leftImg8bit,1,0,1,2,0
1129,munich_000054_000019_leftImg8bit,leftImg8bit,1,1,1,0,1
1130,munich_000055_000019_leftImg8bit,leftImg8bit,0,1,1,1,0
1131,munich_000056_000019_leftImg8bit,leftImg8bit,0,1,0,0,0
1132,munich_000057_000019_leftImg8bit,leftImg8bit,1,1,0,0,0
1133,munich_000058_000019_leftImg8bit,leftImg8bit,0,1,0,3,0
1134,munich_000059_000019_leftImg8bit,leftImg8bit,1,1,0,6,0
1135,munich_000060_000019_leftImg8bit,leftImg8bit,0,1,1,1,1
1136,munich_000061_000019_leftImg8bit,leftImg8bit,0,0,0,4,0
1137,munich_000062_000019_leftImg8bit,leftImg8bit,0,1,0,2,1
1138,munich_000063_000019_leftImg8bit,leftImg8bit,0,0,0,3,0
1139,munich_000064_000019_leftImg8bit,leftImg8bit,0,0,1,2,1
1140,munich_000065_000019_leftImg8bit,leftImg8bit,0,0,1,6,0
1141,munich_000066_000019_leftImg8bit,leftImg8bit,1,0,0,3,1
1142,munich_000067_000019_leftImg8bit,leftImg8bit,1,0,0,6,1
1143,munich_000068_000019_leftImg8bit,leftImg8bit,1,1,0,3,1
1144,munich_000069_000019_leftImg8bit,leftImg8bit,1,0,0,6,0
1145,munich_000070_000019_leftImg8bit,leftImg8bit,0,1,0,1,0
1146,munich_000071_000019_leftImg8bit,leftImg8bit,0,1,0,0,0
1147,munich_000072_000019_leftImg8bit,leftImg8bit,0,0,0,1,0
1148,munich_000073_000019_leftImg8bit,leftImg8bit,1,0,1,4,1
1149,munich_000074_000019_leftImg8bit,leftImg8bit,0,0,0,6,0
1150,munich_000075_000019_leftImg8bit,leftImg8bit,0,1,1,6,1
1151,munich_000076_000019_leftImg8bit,leftImg8bit,1,0,0,6,0
1152,munich_000077_000019_leftImg8bit,leftImg8bit,1,1,1,6,0
1153,munich_000078_000019_leftImg8bit,leftImg8bit,1,0,0,3,1
1154,munich_000079_000019_leftImg8bit,leftImg8bit,0,1,0,6,0
1155,munich_000080_000019_leftImg8bit,leftImg8bit,1,1,0,1,1
1156,munich_000081_000019_leftImg8bit,leftImg8bit,0,1,0,0,0
1157,munich_000082_000019_leftImg8bit,leftImg8bit,0,1,0,4,0
1158,munich_000083_000019_leftImg8bit,leftImg8bit,0,0,1,2,0
1159,munich_000086_000019_leftImg8bit,leftImg8bit,1,1,0,0,0
1160,munich_000087_000019_leftImg8bit,leftImg8bit,0,0,0,3,0
1161,munich_000088_000019_leftImg8bit,leftImg8bit,1,1,0,2,1
1162,munich_000089_000019_leftImg8bit,leftImg8bit,0,0,0,6,0
1163,munich_000090_000019_leftImg8bit,leftImg8bit,0,1,0,1,0
1164,munich_000092_000019_leftImg8bit,leftImg8bit,0,0,0,6,1
1165,munich_000093_000019_leftImg8bit,leftImg8bit,0,0,0,6,0
1166,munich_000094_000019_leftImg8bit,leftImg8bit,1,0,0,4,0
1167,munich_000095_000019_leftImg8bit,leftImg8bit,1,1,0,2,1
1168,munich_000096_000019_leftImg8bit,leftImg8bit,1,0,0,0,0
1169,munich_000097_000019_leftImg8bit,leftImg8bit,0,1,0,2,0
1170,munich_000098_000019_leftImg8bit,leftImg8bit,0,0,0,2,0
1171,munich_000099_000019_leftImg8bit,leftImg8bit,0,0,0,2,1
1172,munich_000100_000019_leftImg8bit,leftImg8bit,0,1,1,4,0
1173,munich_000101_000019_leftImg8bit,leftImg8bit,0,1,0,2,1
1174,munich_000102_000019_leftImg8bit,leftImg8bit,1,1,1,0,1
1175,munich_000103_000019_leftImg8bit,leftImg8bit,1,0,0,3,1
1176,munich_000104_000019_leftImg8bit,leftImg8bit,1,1,0,4,0
1177,munich_000105_000019_leftImg8bit,leftImg8bit,1,1,0,3,1
1178,munich_000106_000019_leftImg8bit,leftImg8bit,0,0,1,3,0
1179,munich_000107_000019_leftImg8bit,leftImg8bit,1,1,0,6,1
1180,munich_000108_000019_leftImg8bit,leftImg8bit,1,1,0,3,0
1181,munich_000110_000019_leftImg8bit,leftImg8bit,1,0,0,6,0
1182,munich_000111_000019_leftImg8bit,leftImg8bit,0,1,1,1,0
1183,munich_000112_000019_leftImg8bit,leftImg8bit,0,1,0,4,1
1184,munich_000113_000019_leftImg8bit,leftImg8bit,1,0,1,0,1
1185,munich_000114_000019_leftImg8bit,leftImg8bit,1,0,1,0,0
1186,munich_000115_000019_leftImg8bit,leftImg8bit,1,0,1,6,0
1187,munich_000116_000019_leftImg8bit,leftImg8bit,0,0,1,6,1
1188,munich_000117_000019_leftImg8bit,leftImg8bit,1,0,1,1,0
1189,munich_000118_000019_leftImg8bit,leftImg8bit,0,1,0,6,0
1190,munich_000119_000019_leftImg8bit,leftImg8bit,0,1,0,6,1
1191,munich_000120_000019_leftImg8bit,leftImg8bit,0,1,1,6,0
1192,munich_000121_000019_leftImg8bit,leftImg8bit,1,1,1,1,1
1193,munich_000122_000019_leftImg8bit,leftImg8bit,0,1,1,2,1
1194,munich_000123_000019_leftImg8bit,leftImg8bit,1,0,1,6,0
1195,munich_000124_000019_leftImg8bit,leftImg8bit,0,0,0,2,1
1196,munich_000125_000019_leftImg8bit,leftImg8bit,0,0,0,2,1
1197,munich_000126_000019_leftImg8bit,leftImg8bit,0,0,1,6,0
1198,munich_000127_000019_leftImg8bit,leftImg8bit,1,1,0,1,1
1199,munich_000128_000019_leftImg8bit,leftImg8bit,0,0,0,6,0
1200,munich_000129_000019_leftImg8bit,leftImg8bit,0,0,1,0,0
1201,munich_000130_000019_leftImg8bit,leftImg8bit,0,0,1,0,0
1202,munich_000131_000019_leftImg8bit,leftImg8bit,1,1,1,0,1
1203,munich_000132_000019_leftImg8bit,leftImg8bit,1,0,1,6,0
1204,munich_000133_000019_leftImg8bit,leftImg8bit,0,0,1,6,0
1205,munich_000134_000019_leftImg8bit,leftImg8bit,0,1,0,3,0
1206,munich_000135_000019_leftImg8bit,leftImg8bit,1,0,0,6,0
1207,munich_000136_000019_leftImg8bit,leftImg8bit,0,0,0,0,1
1208,munich_000137_000019_leftImg8bit,leftImg8bit,1,1,1,3,1
1209,munich_000138_000019_leftImg8bit,leftImg8bit,0,1,1,3,1
1210,munich_000139_000019_leftImg8bit,leftImg8bit,0,0,1,6,0
1211,munich_000140_000019_leftImg8bit,leftImg8bit,0,0,0,0,0
1212,munich_000142_000019_leftImg8bit,leftImg8bit,0,1,1,3,0
1213,munich_000143_000019_leftImg8bit,leftImg8bit,1,0,0,0,1
1214,munich_000144_000019_leftImg8bit,leftImg8bit,1,0,0,0,0
1215,munich_000145_000019_leftImg8bit,leftImg8bit,0,0,0,1,0
1216,munich_000146_000019_leftImg8bit,leftImg8bit,0,0,0,6,0
1217,munich_000148_000019_leftImg8bit,leftImg8bit,0,0,0,6,1
1218,munich_000149_000019_leftImg8bit,leftImg8bit,1,1,1,2,1
1219,munich_000150_000019_leftImg8bit,leftImg8bit,1,0,1,6,1
1220,munich_000151_000019_leftImg8bit,leftImg8bit,1,1,0,6,0
1221,munich_000153_000019_leftImg8bit,leftImg8bit,1,1,1,2,0
1222,munich_000154_000019_leftImg8bit,leftImg8bit,1,1,0,4,0
1223,munich_000155_000019_leftImg8bit,leftImg8bit,1,1,1,0,1
1224,munich_000156_000019_leftImg8bit,leftImg8bit,0,0,0,2,0
1225,munich_000157_000019_leftImg8bit,leftImg8bit,0,1,1,6,0
1226,munich_000158_000019_leftImg8bit,leftImg8bit,0,1,1,2,1
1227,munich_000159_000019_leftImg8bit,leftImg8bit,0,0,0,4,0
1228,munich_000160_000019_leftImg8bit,leftImg8bit,0,0,0,4,0
1229,munich_000161_000019_leftImg8bit,leftImg8bit,0,0,0,3,0
1230,munich_000162_000019_leftImg8bit,leftImg8bit,0,1,1,6,0
1231,munich_000163_000019_leftImg8bit,leftImg8bit,0,1,1,0,1
1232,munich_000164_000019_leftImg8bit,leftImg8bit,1,0,0,6,0
1233,munich_000165_000019_leftImg8bit,leftImg8bit,1,0,0,2,0
1234,munich_000166_000019_leftImg8bit,leftImg8bit,1,1,0,1,1
1235,munich_000167_000019_leftImg8bit,leftImg8bit,1,1,0,3,1
1236,munich_000168_000019_leftImg8bit,leftImg8bit,0,0,0,6,0
1237,munich_000169_000019_leftImg8bit,leftImg8bit,0,0,0,6,1
1238,munich_000170_000019_leftImg8bit,leftImg8bit,0,0,0,1,0
1239,munich_000172_000019_leftImg8bit,leftImg8bit,0,0,0,6,0
1240,munich_000174_000019_leftImg8bit,leftImg8bit,1,0,0,6,0
1241,munich_000175_000019_leftImg8bit,leftImg8bit,0,0,0,4,0
1242,munich_000176_000019_leftImg8bit,leftImg8bit,1,0,0,6,0
1243,munich_000177_000019_leftImg8bit,leftImg8bit,1,0,0,6,0
1244,munich_000178_000019_leftImg8bit,leftImg8bit,0,1,0,2,0
1245,munich_000179_000019_leftImg8bit,leftImg8bit,0,0,0,1,0
1246,munich_000180_000019_leftImg8bit,leftImg8bit,1,0,0,3,0
1247,munich_000181_000019_leftImg8bit,leftImg8bit,1,0,1,6,0
1248,munich_000182_000019_leftImg8bit,leftImg8bit,0,0,0,6,0
1249,munich_000183_000019_leftImg8bit,leftImg8bit,0,1,1,2,0
1250,munich_000184_000019_leftImg8bit,leftImg8bit,0,0,1,6,1
1251,munich_000185_000019_leftImg8bit,leftImg8bit,1,1,0,6,1
1252,munich_000186_000019_leftImg8bit,leftImg8bit,0,1,1,3,0
1253,munich_000188_000019_leftImg8bit,leftImg8bit,1,1,1,3,1
1254,munich_000189_000019_leftImg8bit,leftImg8bit,1,0,1,2,0
1255,munich_000192_000019_leftImg8bit,leftImg8bit,0,0,0,6,1
1256,munich_000194_000019_leftImg8bit,leftImg8bit,0,1,1,0,0
1257,munich_000195_000019_leftImg8bit,leftImg8bit,1,0,0,6,0
1258,munich_000196_000019_leftImg8bit,leftImg8bit,1,1,0,2,0
1259,munich_000197_000019_leftImg8bit,leftImg8bit,0,0,0,6,0
1260,munich_000198_000019_leftImg8bit,leftImg8bit,0,0,1,3,0
1261,munich_000199_000019_leftImg8bit,leftImg8bit,1,0,0,4,0
1262,munich_000200_000019_leftImg8bit,leftImg8bit,1,1,0,6,0
1263,munich_000201_000019_leftImg8bit,leftImg8bit,0,0,1,6,0
1264,munich_000202_000019_leftImg8bit,leftImg8bit,1,0,1,6,0
1265,munich_000203_000019_leftImg8bit,leftImg8bit,0,1,0,2,1
1266,munich_000204_000019_leftImg8bit,leftImg8bit,1,0,0,6,0
1267,munich_000205_000019_leftImg8bit,leftImg8bit,1,1,0,0,0
1268,munich_000206_000019_leftImg8bit,leftImg8bit,0,0,1,6,1
1269,munich_000207_000019_leftImg8bit,leftImg8bit,0,0,1,2,0
1270,munich_000208_000019_leftImg8bit,leftImg8bit,1,0,1,0,0
1271,munich_000209_000019_leftImg8bit,leftImg8bit,1,0,0,6,0
1272,munich_000214_000019_leftImg8bit,leftImg8bit,1,0,1,1,0
1273,munich_000215_000019_leftImg8bit,leftImg8bit,1,0,1,3,0
1274,munich_000216_000019_leftImg8bit,leftImg8bit,0,0,0,3,0
1275,munich_000217_000019_leftImg8bit,leftImg8bit,0,1,0,2,0
1276,munich_000218_000019_leftImg8bit,leftImg8bit,1,1,0,3,1
1277,munich_000225_000019_leftImg8bit,leftImg8bit,1,0,0,6,1
1278,munich_000226_000019_leftImg8bit,leftImg8bit,1,0,0,1,0
1279,munich_000227_000019_leftImg8bit,leftImg8bit,1,1,0,5,0
1280,munich_000228_000019_leftImg8bit,leftImg8bit,1,1,0,2,0
1281,munich_000229_000019_leftImg8bit,leftImg8bit,1,1,0,6,0
1282,munich_000230_000019_leftImg8bit,leftImg8bit,0,1,0,1,0
1283,munich_000231_000019_leftImg8bit,leftImg8bit,0,0,1,6,0
1284,munich_000232_000019_leftImg8bit,leftImg8bit,0,1,0,2,1
1285,munich_000233_000019_leftImg8bit,leftImg8bit,1,0,0,3,0
1286,munich_000234_000019_leftImg8bit,leftImg8bit,0,0,0,6,1
1287,munich_000235_000019_leftImg8bit,leftImg8bit,1,0,1,4,1
1288,munich_000236_000019_leftImg8bit,leftImg8bit,0,0,1,2,0
1289,munich_000237_000019_leftImg8bit,leftImg8bit,1,1,0,3,1
1290,munich_000238_000019_leftImg8bit,leftImg8bit,0,0,0,6,0
1291,munich_000239_000019_leftImg8bit,leftImg8bit,1,0,0,6,1
1292,munich_000240_000019_leftImg8bit,leftImg8bit,0,0,1,6,0
1293,munich_000241_000019_leftImg8bit,leftImg8bit,1,0,0,0,0
1294,munich_000243_000019_leftImg8bit,leftImg8bit,1,0,0,2,1
1295,munich_000244_000019_leftImg8bit,leftImg8bit,0,1,0,2,1
1296,munich_000245_000019_leftImg8bit,leftImg8bit,0,0,0,6,0
1297,munich_000246_000019_leftImg8bit,leftImg8bit,0,0,0,2,0
1298,munich_000247_000019_leftImg8bit,leftImg8bit,0,0,0,6,0
1299,munich_000248_000019_leftImg8bit,leftImg8bit,1,0,1,6,1
1300,munich_000249_000019_leftImg8bit,leftImg8bit,0,0,0,3,1
1301,munich_000250_000019_leftImg8bit,leftImg8bit,0,1,0,2,1
1302,munich_000251_000019_leftImg8bit,leftImg8bit,0,1,0,2,1
1303,munich_000252_000019_leftImg8bit,leftImg8bit,0,0,1,1,0
1304,munich_000253_000019_leftImg8bit,leftImg8bit,1,1,0,2,0
1305,munich_000254_000019_leftImg8bit,leftImg8bit,1,1,1,2,0
1306,munich_000255_000019_leftImg8bit,leftImg8bit,0,0,0,1,0
1307,munich_000256_000019_leftImg8bit,leftImg8bit,0,0,0,6,0
1308,munich_000257_000019_leftImg8bit,leftImg8bit,0,1,1,0,0
1309,munich_000258_000019_leftImg8bit,leftImg8bit,1,0,1,6,1
1310,munich_000259_000019_leftImg8bit,leftImg8bit,1,1,1,2,1
1311,munich_000260_000019_leftImg8bit,leftImg8bit,1,1,1,2,0
1312,munich_000261_000019_leftImg8bit,leftImg8bit,1,0,1,3,1
1313,munich_000262_000019_leftImg8bit,leftImg8bit,0,1,0,3,1
1314,munich_000263_000019_leftImg8bit,leftImg8bit,0,0,1,4,0
1315,munich_000265_000019_leftImg8bit,leftImg8bit,0,0,0,6,0
1316,munich_000266_000019_leftImg8bit,leftImg8bit,0,0,1,6,0
1317,munich_000267_000019_leftImg8bit,leftImg8bit,0,0,1,2,0
1318,munich_000268_000019_leftImg8bit,leftImg8bit,1,1,0,1,0
1319,munich_000269_000019_leftImg8bit,leftImg8bit,0,0,1,6,0
1320,munich_000270_000019_leftImg8bit,leftImg8bit,0,1,1,6,0
1321,munich_000271_000019_leftImg8bit,leftImg8bit,1,1,0,1,0
1322,munich_000272_000019_leftImg8bit,leftImg8bit,0,1,1,2,0
1323,munich_000273_000019_leftImg8bit,leftImg8bit,1,1,1,1,1
1324,munich_000274_000019_leftImg8bit,leftImg8bit,0,0,0,6,0
1325,munich_000275_000019_leftImg8bit,leftImg8bit,1,1,0,1,1
1326,munich_000276_000019_leftImg8bit,leftImg8bit,0,0,1,4,0
1327,munich_000277_000019_leftImg8bit,leftImg8bit,0,0,0,3,1
1328,munich_000278_000019_leftImg8bit,leftImg8bit,1,1,0,6,1
1329,munich_000279_000019_leftImg8bit,leftImg8bit,0,0,0,0,0
1330,munich_000280_000019_leftImg8bit,leftImg8bit,0,0,0,6,0
1331,munich_000281_000019_leftImg8bit,leftImg8bit,0,1,1,2,0
1332,munich_000282_000019_leftImg8bit,leftImg8bit,1,1,1,3,0
1333,munich_000283_000019_leftImg8bit,leftImg8bit,0,0,1,6,0
1334,munich_000284_000019_leftImg8bit,leftImg8bit,0,1,1,0,1
1335,munich_000285_000019_leftImg8bit,leftImg8bit,1,0,0,6,0
1336,munich_000286_000019_leftImg8bit,leftImg8bit,0,1,1,2,0
1337,munich_000287_000019_leftImg8bit,leftImg8bit,0,0,0,4,1
1338,munich_000288_000019_leftImg8bit,leftImg8bit,1,1,0,1,0
1339,munich_000289_000019_leftImg8bit,leftImg8bit,1,1,1,3,1
1340,munich_000290_000019_leftImg8bit,leftImg8bit,1,1,0,3,0
1341,munich_000291_000019_leftImg8bit,leftImg8bit,1,1,0,1,1
1342,munich_000293_000019_leftImg8bit,leftImg8bit,1,0,0,6,0
1343,munich_000295_000019_leftImg8bit,leftImg8bit,1,1,1,1,0
1344,munich_000296_000019_leftImg8bit,leftImg8bit,1,0,1,4,0
1345,munich_000297_000019_leftImg8bit,leftImg8bit,0,0,0,6,1
1346,munich_000298_000019_leftImg8bit,leftImg8bit,1,1,0,1,0
1347,munich_000299_000019_leftImg8bit,leftImg8bit,1,1,0,6,0
1348,munich_000300_000019_leftImg8bit,leftImg8bit,1,1,0,3,1
1349,munich_000301_000019_leftImg8bit,leftImg8bit,1,1,1,6,1
1350,munich_000303_000019_leftImg8bit,leftImg8bit,0,1,0,1,1
1351,munich_000304_000019_leftImg8bit,leftImg8bit,1,0,1,1,0
1352,munich_000305_000019_leftImg8bit,leftImg8bit,1,0,0,1,0
1353,munich_000306_000019_leftImg8bit,leftImg8bit,1,0,1,1,1
1354,munich_000307_000019_leftImg8bit,leftImg8bit,1,1,0,1,1
1355,munich_000308_000019_leftImg8bit,leftImg8bit,0,0,0,0,0
1356,munich_000310_000019_leftImg8bit,leftImg8bit,1,1,1,2,0
1357,munich_000311_000019_leftImg8bit,leftImg8bit,1,1,0,3,1
1358,munich_000312_000019_leftImg8bit,leftImg8bit,0,1,0,3,1
1359,munich_000314_000019_leftImg8bit,leftImg8bit,1,1,0,4,1
1360,munich_000316_000019_leftImg8bit,leftImg8bit,1,0,0,6,1
1361,munich_000317_000019_leftImg8bit,leftImg8bit,0,0,1,6,1
1362,munich_000318_000019_leftImg8bit,leftImg8bit,1,0,0,2,1
1363,munich_000319_000019_leftImg8bit,leftImg8bit,1,0,1,6,0
1364,munich_000320_000019_leftImg8bit,leftImg8bit,0,0,0,0,1
1365,munich_000321_000019_leftImg8bit,leftImg8bit,0,1,0,2,1
1366,munich_000322_000019_leftImg8bit,leftImg8bit,0,0,0,6,0
1367,munich_000323_000019_leftImg8bit,leftImg8bit,1,1,0,4,1
1368,munich_000324_000019_leftImg8bit,leftImg8bit,0,1,0,2,1
1369,munich_000325_000019_leftImg8bit,leftImg8bit,1,1,0,5,0
1370,munich_000326_000019_leftImg8bit,leftImg8bit,1,1,0,1,1
1371,munich_000327_000019_leftImg8bit,leftImg8bit,1,1,0,0,1
1372,munich_000329_000019_leftImg8bit,leftImg8bit,1,1,0,6,0
1373,munich_000330_000019_leftImg8bit,leftImg8bit,1,0,0,1,0
1374,munich_000331_000019_leftImg8bit,leftImg8bit,0,0,1,2,0
1375,munich_000333_000019_leftImg8bit,leftImg8bit,0,1,0,0,1
1376,munich_000334_000019_leftImg8bit,leftImg8bit,1,0,0,6,0
1377,munich_000335_000019_leftImg8bit,leftImg8bit,0,0,0,6,0
1378,munich_000336_000019_leftImg8bit,leftImg8bit,0,0,0,0,1
1379,munich_000337_000019_leftImg8bit,leftImg8bit,1,0,0,0,1
1380,munich_000338_000019_leftImg8bit,leftImg8bit,1,1,0,2,1
1381,munich_000339_000019_leftImg8bit,leftImg8bit,0,0,0,1,0
1382,munich_000340_000019_leftImg8bit,leftImg8bit,1,0,0,3,1
1383,munich_000341_000019_leftImg8bit,leftImg8bit,1,1,1,0,0
1384,munich_000342_000019_leftImg8bit,leftImg8bit,1,0,0,1,1
1385,munich_000343_000019_leftImg8bit,leftImg8bit,1,0,1,6,1
1386,munich_000344_000019_leftImg8bit,leftImg8bit,0,0,1,3,0
1387,munich_000345_000019_leftImg8bit,leftImg8bit,0,1,1,2,0
1388,munich_000346_000019_leftImg8bit,leftImg8bit,0,1,0,2,0
1389,munich_000347_000019_leftImg8bit,leftImg8bit,1,0,1,4,1
1390,munich_000349_000019_leftImg8bit,leftImg8bit,0,1,0,1,1
1391,munich_000350_000019_leftImg8bit,leftImg8bit,0,0,0,1,1
1392,munich_000351_000019_leftImg8bit,leftImg8bit,1,0,0,1,0
1393,munich_000352_000019_leftImg8bit,leftImg8bit,1,1,1,4,1
1394,munich_000353_000019_leftImg8bit,leftImg8bit,0,1,1,2,0
1395,munich_000354_000019_leftImg8bit,leftImg8bit,1,1,0,4,1
1396,munich_000355_000019_leftImg8bit,leftImg8bit,0,1,1,3,1
1397,munich_000356_000019_leftImg8bit,leftImg8bit,1,1,1,4,1
1398,munich_000357_000019_leftImg8bit,leftImg8bit,0,1,0,2,1
1399,munich_000358_000019_leftImg8bit,leftImg8bit,0,1,0,0,0
1400,munich_000359_000019_leftImg8bit,leftImg8bit,0,1,0,2,0
1401,munich_000360_000019_leftImg8bit,leftImg8bit,1,0,0,1,0
1402,munich_000361_000019_leftImg8bit,leftImg8bit,1,0,0,2,0
1403,munich_000362_000019_leftImg8bit,leftImg8bit,1,1,0,3,0
1404,munich_000363_000019_leftImg8bit,leftImg8bit,0,0,0,3,0
1405,munich_000364_000019_leftImg8bit,leftImg8bit,1,1,0,3,0
1406,munich_000365_000019_leftImg8bit,leftImg8bit,0,1,1,1,0
1407,munich_000366_000019_leftImg8bit,leftImg8bit,1,1,1,0,1
1408,munich_000367_000019_leftImg8bit,leftImg8bit,0,1,0,2,1
1409,munich_000368_000019_leftImg8bit,leftImg8bit,1,0,0,0,1
1410,munich_000369_000019_leftImg8bit,leftImg8bit,0,0,1,6,0
1411,munich_000370_000019_leftImg8bit,leftImg8bit,1,1,0,6,1
1412,munich_000371_000019_leftImg8bit,leftImg8bit,0,0,0,2,1
1413,munich_000372_000019_leftImg8bit,leftImg8bit,0,1,1,1,1
1414,munich_000373_000019_leftImg8bit,leftImg8bit,1,1,1,1,0
1415,munich_000374_000019_leftImg8bit,leftImg8bit,0,0,0,3,0
1416,munich_000375_000019_leftImg8bit,leftImg8bit,0,1,0,0,1
1417,munich_000376_000019_leftImg8bit,leftImg8bit,0,0,0,1,0
1418,munich_000377_000019_leftImg8bit,leftImg8bit,0,0,0,6,0
1419,munich_000378_000019_leftImg8bit,leftImg8bit,1,0,1,2,1
1420,munich_000379_000019_leftImg8bit,leftImg8bit,1,0,1,6,0
1421,munich_000380_000019_leftImg8bit,leftImg8bit,1,1,1,6,1
1422,munich_000381_000019_leftImg8bit,leftImg8bit,0,0,0,6,0
1423,munich_000382_000019_leftImg8bit,leftImg8bit,0,1,0,4,0
1424,munich_000383_000019_leftImg8bit,leftImg8bit,0,1,0,2,0
1425,munich_000384_000019_leftImg8bit,leftImg8bit,1,1,0,1,1
1426,munich_000385_000019_leftImg8bit,leftImg8bit,1,0,0,6,1
1427,munich_000386_000019_leftImg8bit,leftImg8bit,1,0,1,6,1
1428,munich_000387_000019_leftImg8bit,leftImg8bit,1,1,0,3,1
1429,munich_000388_000019_leftImg8bit,leftImg8bit,0,1,1,4,0
1430,munich_000389_000019_leftImg8bit,leftImg8bit,0,1,0,6,0
1431,munich_000390_000019_leftImg8bit,leftImg8bit,0,1,1,0,1
1432,munich_000391_000019_leftImg8bit,leftImg8bit,0,1,1,1,0
1433,munich_000392_000019_leftImg8bit,leftImg8bit,0,1,1,0,0
1434,munich_000393_000019_leftImg8bit,leftImg8bit,1,1,0,3,1
1435,munich_000394_000019_leftImg8bit,leftImg8bit,1,1,0,6,1
1436,munich_000395_000019_leftImg8bit,leftImg8bit,1,0,0,6,0
1437,munich_000396_000019_leftImg8bit,leftImg8bit,1,1,1,0,1
1438,munich_000397_000019_leftImg8bit,leftImg8bit,1,1,1,4,1
